Div,Date,Time,HomeTeam,AwayTeam,Referee,B365H,B365D,B365A,BFDH,BFDD,BFDA,BMGMH,BMGMD,BMGMA,BVH,BVD,BVA,BWH,BWD,BWA,CLH,CLD,CLA,LBH,LBD,LBA,PSH,PSD,PSA,MaxH,MaxD,MaxA,AvgH,AvgD,AvgA,BFEH,BFED,BFEA,B365>2.5,B365<2.5,P>2.5,P<2.5,Max>2.5,Max<2.5,Avg>2.5,Avg<2.5,BFE>2.5,BFE<2.5,AHh,B365AHH,B365AHA,PAHH,PAHA,MaxAHH,MaxAHA,AvgAHH,AvgAHA,BFEAHH,BFEAHA,B365CH,B365CD,B365CA,BFDCH,BFDCD,BFDCA,BMGMCH,BMGMCD,BMGMCA,BVCH,BVCD,BVCA,BWCH,BWCD,BWCA,CLCH,CLCD,CLCA,LBCH,LBCD,LBCA,PSCH,PSCD,PSCA,MaxCH,MaxCD,MaxCA,AvgCH,AvgCD,AvgCA,BFECH,BFECD,BFECA,B365C>2.5,B365C<2.5,PC>2.5,PC<2.5,MaxC>2.5,MaxC<2.5,AvgC>2.5,AvgC<2.5,BFEC>2.5,BFEC<2.5,AHCh,B365CAHH,B365CAHA,PCAHH,PCAHA,MaxCAHH,MaxCAHA,AvgCAHH,AvgCAHA,BFECAHH,BFECAHA
B1,12/12/2025,19:45,Standard,Oud-Heverlee Leuven,,2.35,3,3.2,2.3,3.1,3.1,2.38,3.1,3.1,2.3,3.2,3.13,2.4,3.2,3.1,2.4,3.2,3.1,2.37,3.2,3,,,,2.4,3.25,3.2,2.32,3.13,3.12,2.4,3.2,3.5,2.25,1.62,,,2.28,1.67,2.21,1.59,2.34,1.69,-0.25,1.98,1.83,,,2,1.83,1.96,1.78,2.04,1.89,,,,,,,,,,,,,,,,,,,,,,,,,,,,,,,,,,,,,,,,,,,,,,,,,,,,,,
B1,13/12/2025,15:00,Cercle Brugge,Mechelen,,1.8,3.8,3.9,1.8,3.75,4,1.79,3.85,4.1,1.75,3.7,4,1.78,3.9,4.2,1.8,3.9,4.2,1.8,3.8,4.2,,,,1.81,3.9,4.2,1.78,3.78,4.03,1.82,4,4.4,1.65,2.2,,,1.65,2.25,1.6,2.2,1.66,2.3,-0.5,1.8,2,,,1.83,2,1.76,1.96,1.82,2.12,,,,,,,,,,,,,,,,,,,,,,,,,,,,,,,,,,,,,,,,,,,,,,,,,,,,,,
B1,13/12/2025,17:15,Waregem,RAAL La Louviere,,2.25,3.25,3.2,2.25,3.2,3.1,2.2,3.25,3.25,2.2,3.2,3.1,2.3,3.3,3.1,2.3,3.3,3.1,2.3,3.3,3,,,,2.3,3.3,3.25,2.24,3.23,3.14,2.32,3.1,3.45,2.05,1.75,,,2.1,1.75,2.02,1.71,2.08,1.8,-0.25,1.95,1.85,,,1.95,1.88,1.89,1.84,1.97,1.92,,,,,,,,,,,,,,,,,,,,,,,,,,,,,,,,,,,,,,,,,,,,,,,,,,,,,,
B1,13/12/2025,19:45,Anderlecht,St Truiden,,1.85,3.75,3.7,1.9,3.6,3.75,1.82,3.8,4,1.87,3.6,3.6,1.87,3.8,3.8,1.85,3.8,3.8,1.85,3.8,3.75,,,,1.91,3.8,4,1.86,3.68,3.77,2.02,3.7,3.95,1.67,2.15,,,1.67,2.2,1.64,2.14,1.69,2.2,-0.5,1.9,1.9,,,1.9,1.95,1.84,1.87,2.02,1.94,,,,,,,,,,,,,,,,,,,,,,,,,,,,,,,,,,,,,,,,,,,,,,,,,,,,,,
B1,14/12/2025,12:30,Gent,Antwerp,,2.2,3.4,3.2,2.2,3.3,3.1,2.15,3.45,3.25,2.15,3.4,3,2.25,3.5,3,2.25,3.5,3,2.25,3.5,3,,,,2.25,3.5,3.33,2.18,3.39,3.12,2.34,3.35,3.45,1.83,1.98,,,1.83,1.98,1.8,1.91,1.84,2,-0.25,1.9,1.9,,,1.9,1.91,1.84,1.88,,,,,,,,,,,,,,,,,,,,,,,,,,,,,,,,,,,,,,,,,,,,,,,,,,,,,,,,
B1,14/12/2025,15:00,Dender,Club Brugge,,5.25,4.33,1.55,5.5,4.2,1.53,5.6,4.1,1.56,5.25,4.2,1.5,5.25,4.4,1.57,5.25,4.4,1.57,5,4.4,1.57,,,,5.6,4.5,1.57,5.25,4.24,1.54,5.6,4.7,1.58,1.53,2.4,,,1.61,2.4,1.55,2.31,1.01,2.44,1,1.9,1.9,,,1.91,1.9,1.86,1.87,,,,,,,,,,,,,,,,,,,,,,,,,,,,,,,,,,,,,,,,,,,,,,,,,,,,,,,,
B1,14/12/2025,17:30,Charleroi,St. Gilloise,,4.33,3.5,1.83,4.2,3.5,1.8,4.5,3.45,1.82,4.1,3.4,1.8,4.33,3.7,1.8,4.33,3.7,1.8,4.33,3.6,1.8,,,,4.75,3.7,1.83,4.31,3.48,1.8,4.6,3.65,1.84,1.95,1.85,,,2,1.85,1.94,1.78,2,1.82,0.5,1.98,1.83,,,2,1.83,1.96,1.77,,,,,,,,,,,,,,,,,,,,,,,,,,,,,,,,,,,,,,,,,,,,,,,,,,,,,,,,
B1,14/12/2025,18:15,Genk,Westerlo,,1.7,4.1,4.33,1.67,4,4.33,1.62,4.2,4.75,1.65,4.1,4.2,1.7,4.2,4.33,1.7,4.2,4.33,1.7,4.2,4.2,,,,1.7,4.2,4.75,1.66,4.11,4.35,1.69,4.5,5.2,1.48,2.6,,,1.5,2.63,1.46,2.54,1.47,2.76,-0.75,1.85,1.95,,,1.85,2,1.8,1.93,,,,,,,,,,,,,,,,,,,,,,,,,,,,,,,,,,,,,,,,,,,,,,,,,,,,,,,,
D1,12/12/2025,19:30,Union Berlin,RB Leipzig,,3.2,3.5,2.2,3.25,3.3,2.2,3.3,3.35,2.2,3.13,3.4,2.2,3.2,3.4,2.25,3.2,3.4,2.25,3.1,3.4,2.2,3.27,3.47,2.31,3.5,3.6,2.25,3.22,3.38,2.19,3.35,3.55,2.36,1.98,1.88,2.01,1.89,1.98,2,1.89,1.86,2,1.97,0.25,1.9,1.95,1.93,2,1.9,1.95,1.88,1.84,1.95,2.02,,,,,,,,,,,,,,,,,,,,,,,,,,,,,,,,,,,,,,,,,,,,,,,,,,,,,,
D1,13/12/2025,14:30,Ein Frankfurt,Augsburg,,1.7,4.2,4.33,1.7,4,4.5,1.7,4,4.6,1.65,3.9,4.2,1.7,4.2,4.33,1.7,4.2,4.33,1.7,4.2,4.33,1.72,4.27,4.51,1.71,4.25,4.6,1.68,4.06,4.39,1.77,4.3,4.8,1.57,2.38,1.61,2.4,1.6,2.43,1.55,2.36,1.65,2.46,-0.75,1.9,1.95,1.92,1.99,1.9,1.95,1.84,1.92,1.96,2.01,,,,,,,,,,,,,,,,,,,,,,,,,,,,,,,,,,,,,,,,,,,,,,,,,,,,,,
D1,13/12/2025,14:30,Hoffenheim,Hamburg,,1.7,4.33,4.2,1.73,4,4.2,1.75,3.95,4.35,1.65,3.9,4.2,1.75,4.2,4,1.75,4.2,4,1.75,4.2,4,1.72,4.33,4.47,1.75,4.33,4.5,1.71,4.06,4.21,1.75,4.3,4.9,1.5,2.63,1.52,2.6,1.53,2.63,1.5,2.49,1.57,2.68,-0.75,1.88,1.98,1.91,2,1.94,1.98,1.88,1.89,1.93,2.04,,,,,,,,,,,,,,,,,,,,,,,,,,,,,,,,,,,,,,,,,,,,,,,,,,,,,,
D1,13/12/2025,14:30,M'gladbach,Wolfsburg,,1.95,3.8,3.6,2,3.75,3.4,1.96,3.85,3.55,1.91,3.7,3.3,1.98,3.8,3.4,2,3.9,3.4,1.95,3.8,3.4,1.98,3.85,3.69,2,3.9,3.66,1.96,3.75,3.47,2.08,3.9,3.7,1.57,2.38,1.61,2.42,1.62,2.38,1.56,2.33,1.69,2.42,-0.5,1.98,1.88,1.99,1.92,1.98,1.88,1.91,1.82,2.08,1.91,,,,,,,,,,,,,,,,,,,,,,,,,,,,,,,,,,,,,,,,,,,,,,,,,,,,,,
D1,13/12/2025,14:30,St Pauli,Heidenheim,,1.95,3.4,4,1.95,3.3,4,1.95,3.3,4.2,1.91,3.2,3.75,1.98,3.4,3.9,1.95,3.4,3.9,1.95,3.4,3.9,1.98,3.45,4.18,2,3.5,4.2,1.94,3.33,3.96,2.02,3.5,4.4,2.2,1.67,2.19,1.74,2.2,1.73,2.11,1.68,2.24,1.76,-0.5,1.98,1.88,1.99,1.92,1.98,1.9,1.91,1.83,2.02,1.96,,,,,,,,,,,,,,,,,,,,,,,,,,,,,,,,,,,,,,,,,,,,,,,,,,,,,,
D1,13/12/2025,17:30,Leverkusen,FC Koln,,1.55,4.33,5.25,1.53,4.33,5.5,1.56,4.4,5.4,1.5,4.2,5,1.52,4.6,5.5,1.53,4.6,5.5,1.5,4.6,5.5,1.57,4.68,5.33,1.57,4.75,5.5,1.53,4.44,5.28,1.62,4.6,5.9,1.53,2.5,1.54,2.58,1.53,2.63,1.49,2.53,1.57,2.68,-1,1.88,1.98,1.93,1.96,1.9,1.98,1.86,1.92,1.98,1.99,,,,,,,,,,,,,,,,,,,,,,,,,,,,,,,,,,,,,,,,,,,,,,,,,,,,,,
D1,14/12/2025,14:30,Freiburg,Dortmund,,3.25,3.5,2.15,3.25,3.4,2.15,3.45,3.5,2.1,3.1,3.3,2.1,3.3,3.5,2.1,3.3,3.5,2.1,3.3,3.5,2.1,3.32,3.59,2.2,3.45,3.5,2.2,3.25,3.44,2.12,3.5,3.6,2.24,1.83,2.03,1.82,2.06,1.86,2.03,1.8,1.94,1.85,2.1,0.25,1.98,1.88,1.99,1.92,1.98,1.88,1.95,1.78,2.05,1.93,,,,,,,,,,,,,,,,,,,,,,,,,,,,,,,,,,,,,,,,,,,,,,,,,,,,,,
D1,14/12/2025,16:30,Bayern Munich,Mainz,,1.09,11,21,1.1,9.5,21,1.1,11,19,1.07,9,18,1.11,11.5,20,1.11,11,19,1.1,11,19,1.09,12.74,21.79,1.11,11.5,21,1.09,10.18,19.25,1.11,13,32,1.22,4.33,,,1.23,4.33,1.21,4.11,1.26,4.5,-2.75,2,1.85,2.01,1.87,2,1.85,1.97,1.8,2.01,1.9,,,,,,,,,,,,,,,,,,,,,,,,,,,,,,,,,,,,,,,,,,,,,,,,,,,,,,
D1,14/12/2025,18:30,Werder Bremen,Stuttgart,,2.9,3.8,2.25,3,3.6,2.2,2.95,3.8,2.23,2.8,3.6,2.15,2.9,3.8,2.2,2.9,3.8,2.2,2.87,3.8,2.2,2.91,3.92,2.3,3,3.8,2.26,2.88,3.71,2.21,3.05,3.9,2.36,1.53,2.5,1.54,2.54,1.53,2.55,1.52,2.44,1.62,2.58,0.25,1.85,2,1.88,2.03,1.86,2,1.84,1.89,1.92,2.07,,,,,,,,,,,,,,,,,,,,,,,,,,,,,,,,,,,,,,,,,,,,,,,,,,,,,,
D2,12/12/2025,17:30,Dresden,Braunschweig,,2.25,3.1,3.4,2.15,3.3,3.2,2.05,3.45,3.35,2.2,3.4,3.13,2.2,3.3,3.25,2.15,3.1,3.1,2.15,3.1,3.1,,,,2.25,3.55,3.4,2.16,3.25,3.27,2.3,3.5,3.45,1.88,1.93,,,1.88,2,1.8,1.9,1.92,2.04,-0.25,1.9,1.9,,,1.9,1.95,1.8,1.89,1.97,1.99,,,,,,,,,,,,,,,,,,,,,,,,,,,,,,,,,,,,,,,,,,,,,,,,,,,,,,
D2,12/12/2025,17:30,Greuther Furth,Hertha,,3.75,3.7,1.9,3.6,3.6,1.91,3.7,3.65,1.88,3.7,3.7,1.87,3.75,3.8,1.88,3.5,3.6,1.83,3.5,3.6,1.83,,,,3.8,3.8,1.92,3.67,3.64,1.88,3.95,3.95,1.99,1.7,2.1,,,1.7,2.25,1.65,2.11,1.82,2.2,0.5,1.93,1.88,,,1.93,1.9,1.86,1.83,1.98,1.99,,,,,,,,,,,,,,,,,,,,,,,,,,,,,,,,,,,,,,,,,,,,,,,,,,,,,,
D2,13/12/2025,12:00,Bielefeld,Kaiserslautern,,2.2,3.4,3.25,2.1,3.5,3.1,2.2,3.5,2.95,2.1,3.6,3,2.15,3.7,3,2.1,3.5,2.87,2.1,3.5,2.87,,,,2.23,3.7,3.33,2.14,3.46,3.07,2.24,3.55,3.4,1.62,2.25,,,1.67,2.25,1.62,2.15,1.69,2.3,-0.25,1.85,1.95,,,1.86,1.95,1.83,1.85,1.93,1.99,,,,,,,,,,,,,,,,,,,,,,,,,,,,,,,,,,,,,,,,,,,,,,,,,,,,,,
D2,13/12/2025,12:00,Karlsruhe,Paderborn,,3.5,3.6,2.05,3.4,3.6,1.95,3.5,3.6,1.95,3.25,3.6,2,3.4,3.9,1.98,3.2,3.6,1.91,3.2,3.6,1.91,,,,3.6,3.9,2.05,3.38,3.6,1.97,3.5,3.95,2.08,1.65,2.2,,,1.65,2.2,1.62,2.16,1.69,2.3,0.5,1.78,2.03,,,1.85,2.03,1.77,1.93,1.86,2.08,,,,,,,,,,,,,,,,,,,,,,,,,,,,,,,,,,,,,,,,,,,,,,,,,,,,,,
D2,13/12/2025,12:00,Magdeburg,Holstein Kiel,,2.25,3.4,3,2.2,3.5,3,2.28,3.5,2.8,2.2,3.6,2.8,2.25,3.6,2.95,2.15,3.4,2.75,2.15,3.4,2.75,,,,2.33,3.6,3.1,2.23,3.44,2.91,2.32,3.6,3.2,1.57,2.35,,,1.6,2.38,1.56,2.28,1.6,2.46,-0.25,1.95,1.85,,,1.95,1.85,1.92,1.77,2.01,1.92,,,,,,,,,,,,,,,,,,,,,,,,,,,,,,,,,,,,,,,,,,,,,,,,,,,,,,
D2,13/12/2025,19:30,Hannover,Bochum,,1.73,3.6,5,1.73,3.75,4.2,1.67,3.95,4.4,1.7,3.9,4.1,1.77,4,4.1,1.7,3.7,3.8,1.7,3.7,3.8,,,,1.77,4.1,5,1.71,3.78,4.36,1.78,3.9,5,1.57,2.35,,,1.57,2.45,1.53,2.34,1.58,2.56,-0.75,1.9,1.9,,,1.9,1.9,1.82,1.86,1.96,1.97,,,,,,,,,,,,,,,,,,,,,,,,,,,,,,,,,,,,,,,,,,,,,,,,,,,,,,
D2,14/12/2025,12:30,Darmstadt,Preußen Münster,,1.67,3.6,5.25,1.62,4,4.6,1.66,3.85,4.6,1.62,3.9,4.6,1.66,4,4.8,1.61,3.7,4.4,1.61,3.7,4.4,,,,1.7,4,5.66,1.64,3.76,4.84,1.69,4,5.6,1.65,2.2,,,1.65,2.2,1.63,2.14,1.69,2.26,-0.75,1.83,1.98,,,1.83,1.98,1.79,1.9,,,,,,,,,,,,,,,,,,,,,,,,,,,,,,,,,,,,,,,,,,,,,,,,,,,,,,,,
D2,14/12/2025,12:30,Elversberg,Fortuna Dusseldorf,,1.53,4.33,5.5,1.53,4.2,5.5,1.62,4.1,4.7,1.5,4.33,5.25,1.58,4.5,5,1.53,4.2,4.6,1.53,4.2,4.6,,,,1.66,4.5,5.5,1.54,4.26,5.06,1.57,4.5,5.6,1.53,2.4,,,1.55,2.4,1.53,2.34,1.54,2.5,-1,1.85,1.95,,,1.98,1.95,1.88,1.83,,,,,,,,,,,,,,,,,,,,,,,,,,,,,,,,,,,,,,,,,,,,,,,,,,,,,,,,
D2,14/12/2025,12:30,Schalke 04,Nurnberg,,1.75,3.8,4.33,1.73,3.6,4.33,1.66,3.75,4.75,1.73,3.6,4.33,1.77,3.75,4.5,1.7,3.5,4.2,1.7,3.5,4.2,,,,1.78,3.85,4.9,1.73,3.64,4.37,1.82,3.85,4.7,1.9,1.9,,,1.9,1.9,1.84,1.86,1.94,1.92,-0.75,2,1.8,,,2,1.88,1.88,1.81,,,,,,,,,,,,,,,,,,,,,,,,,,,,,,,,,,,,,,,,,,,,,,,,,,,,,,,,
E0,13/12/2025,15:00,Chelsea,Everton,T Bramall,1.67,3.8,5.25,1.67,3.75,5.5,1.68,3.95,5.1,1.65,3.9,5.25,1.65,4,5,1.65,4,5,1.65,4,4.8,1.67,4.04,5.3,1.7,4,5.5,1.66,3.9,5.09,1.72,4.1,5.6,1.88,1.98,1.89,2,1.91,1.98,1.84,1.91,1.92,2.06,-0.75,1.85,2,1.87,2.04,1.85,2,1.82,1.95,1.92,2.06,,,,,,,,,,,,,,,,,,,,,,,,,,,,,,,,,,,,,,,,,,,,,,,,,,,,,,
E0,13/12/2025,15:00,Liverpool,Brighton,C Pawson,1.67,4,4.75,1.67,4.2,5,1.67,4.3,4.8,1.67,4.2,4.6,1.68,4.2,4.4,1.7,4.2,4.4,1.67,4.2,4.4,1.69,4.32,4.68,1.7,4.3,5,1.67,4.17,4.62,1.73,4.4,5,1.53,2.5,1.53,2.62,1.53,2.6,1.5,2.48,1.58,2.66,-0.75,1.83,2.03,1.88,2.03,1.83,2.03,1.8,1.96,1.91,2.07,,,,,,,,,,,,,,,,,,,,,,,,,,,,,,,,,,,,,,,,,,,,,,,,,,,,,,
E0,13/12/2025,17:30,Burnley,Fulham,M Oliver,4,3.5,1.91,4,3.4,2,4,3.5,1.96,4,3.5,1.93,3.9,3.5,1.93,3.9,3.5,1.95,3.9,3.5,1.95,3.98,3.59,1.98,4,3.6,2,3.93,3.48,1.95,4.1,3.6,2.04,2.1,1.73,2.1,1.79,2.1,1.78,2.04,1.74,2.12,1.87,0.5,1.9,1.95,1.92,1.99,1.9,1.95,1.84,1.89,1.94,2.04,,,,,,,,,,,,,,,,,,,,,,,,,,,,,,,,,,,,,,,,,,,,,,,,,,,,,,
E0,13/12/2025,20:00,Arsenal,Wolves,R Jones,1.13,8.5,21,1.13,8.5,26,1.12,9,23,1.1,9,26,1.13,9.5,20,1.12,9.5,19,1.12,9.5,19,1.14,8.77,21.15,1.14,9.5,26,1.12,8.62,22.31,1.14,10.5,30,1.53,2.5,1.51,2.57,1.53,2.65,1.51,2.48,1.57,2.68,-2.25,1.93,1.93,1.96,1.93,1.95,1.94,1.88,1.89,1.99,1.95,,,,,,,,,,,,,,,,,,,,,,,,,,,,,,,,,,,,,,,,,,,,,,,,,,,,,,
E0,14/12/2025,14:00,Crystal Palace,Man City,D England,3.9,3.9,1.85,4.2,3.75,1.83,4.1,3.9,1.84,3.9,3.8,1.8,4,3.7,1.87,4,3.7,1.85,4,3.6,1.85,4.05,3.99,1.86,4.2,4,1.88,3.98,3.81,1.83,4.3,4.1,1.89,1.67,2.2,1.68,2.27,1.71,2.2,1.66,2.16,1.7,2.38,0.5,2.03,1.83,2.04,1.87,2.03,1.83,1.94,1.79,2.11,1.89,,,,,,,,,,,,,,,,,,,,,,,,,,,,,,,,,,,,,,,,,,,,,,,,,,,,,,
E0,14/12/2025,14:00,Nott'm Forest,Tottenham,S Barrott,2.55,3.3,2.8,2.5,3.3,2.88,2.6,3.35,2.75,2.5,3.3,2.7,2.55,3.3,2.75,2.5,3.3,2.75,2.5,3.3,2.75,2.6,3.4,2.82,2.63,3.35,2.88,2.55,3.28,2.76,2.7,3.45,2.88,2.03,1.83,2.04,1.85,2.03,1.86,1.95,1.8,2.06,1.91,0,1.88,1.98,1.88,2.03,1.88,2,1.81,1.94,1.93,2.06,,,,,,,,,,,,,,,,,,,,,,,,,,,,,,,,,,,,,,,,,,,,,,,,,,,,,,
E0,14/12/2025,14:00,Sunderland,Newcastle,P Bankes,3.3,3.3,2.25,3.3,3.4,2.25,3.3,3.4,2.25,3.2,3.4,2.15,3.2,3.4,2.2,3.2,3.4,2.2,3.2,3.4,2.2,3.43,3.33,2.26,3.35,3.4,2.28,3.26,3.33,2.22,3.5,3.4,2.32,1.91,1.91,2,1.89,1.96,1.91,1.91,1.84,2.04,1.93,0.25,1.93,1.93,1.96,1.94,1.93,1.93,1.89,1.84,1.98,1.99,,,,,,,,,,,,,,,,,,,,,,,,,,,,,,,,,,,,,,,,,,,,,,,,,,,,,,
E0,14/12/2025,14:00,West Ham,Aston Villa,A Taylor,3.75,3.5,2,3.75,3.6,2,3.85,3.65,1.97,3.5,3.5,2,3.5,3.5,2.05,3.5,3.5,2.05,3.5,3.5,2,3.76,3.57,2.05,3.9,3.65,2.05,3.63,3.51,2,3.85,3.7,2.08,1.8,2,1.86,2.03,1.83,2,1.78,1.97,1.92,2.04,0.5,1.83,2.03,1.85,2.06,1.83,2.03,1.77,1.96,1.89,2.08,,,,,,,,,,,,,,,,,,,,,,,,,,,,,,,,,,,,,,,,,,,,,,,,,,,,,,
E0,14/12/2025,16:30,Brentford,Leeds,J Brooks,1.91,3.6,4,1.95,3.6,4,1.92,3.65,4,1.9,3.5,3.8,1.98,3.5,3.75,2,3.5,3.75,1.95,3.5,3.7,1.97,3.69,3.89,2,3.7,4,1.94,3.54,3.85,2.02,3.75,4.1,1.9,1.95,1.92,1.97,1.91,1.95,1.86,1.89,1.95,2.02,-0.5,1.93,1.93,1.98,1.93,1.95,1.93,1.88,1.85,2.02,1.96,,,,,,,,,,,,,,,,,,,,,,,,,,,,,,,,,,,,,,,,,,,,,,,,,,,,,,
E0,15/12/2025,20:00,Man United,Bournemouth,S Hooper,1.83,4,3.8,1.83,4,4,1.8,4.2,3.95,1.8,3.9,3.8,1.83,3.9,3.8,1.83,3.9,3.8,1.83,3.9,3.8,1.84,4.21,3.93,1.85,4.25,4,1.82,3.98,3.84,1.88,4.2,4.1,1.57,2.38,1.56,2.54,1.57,2.45,1.55,2.36,1.6,2.56,-0.5,1.83,2.03,1.85,2.07,1.86,2.03,1.79,1.95,1.88,2.12,,,,,,,,,,,,,,,,,,,,,,,,,,,,,,,,,,,,,,,,,,,,,,,,,,,,,,
E1,12/12/2025,20:00,West Brom,Sheffield United,M Donohue,2.3,3.3,2.85,2.4,3.3,2.88,2.48,3.4,2.95,2.38,3.4,2.9,2.37,3.4,2.9,2.37,3.4,2.9,2.37,3.4,2.87,2.46,3.42,3,2.5,3.4,3,2.4,3.34,2.88,2.56,3.45,3.05,1.93,1.93,1.93,1.96,2,1.93,1.9,1.84,1.99,2,-0.25,2.05,1.8,2.12,1.81,2.06,1.8,2.03,1.75,2.19,1.82,,,,,,,,,,,,,,,,,,,,,,,,,,,,,,,,,,,,,,,,,,,,,,,,,,,,,,
E1,13/12/2025,12:30,Norwich,Southampton,J Bell,3.3,3.9,1.96,3.5,3.6,2,3.6,3.65,2.04,3.4,3.75,2,3.3,3.9,2,3.3,3.9,2,3.25,3.9,2,3.38,3.91,2,3.6,3.9,2.04,3.39,3.75,1.99,3.5,4,2.1,1.62,2.3,1.61,2.36,1.64,2.35,1.59,2.26,1.65,2.46,0.5,1.83,2.03,1.85,2.02,1.86,2.03,1.8,1.94,1.89,2.1,,,,,,,,,,,,,,,,,,,,,,,,,,,,,,,,,,,,,,,,,,,,,,,,,,,,,,
E1,13/12/2025,12:30,Oxford,Preston,J Linington,2.65,3.2,2.65,2.75,3.1,2.63,2.63,3.25,2.85,2.63,3.25,2.7,2.6,3.3,2.7,2.6,3.3,2.7,2.6,3.25,2.7,2.67,3.28,2.71,2.75,3.33,2.85,2.62,3.22,2.7,2.82,3.3,2.8,2.1,1.73,2.16,1.73,2.16,1.73,2.11,1.68,2.22,1.77,0,1.93,1.93,1.92,1.95,1.93,1.93,1.88,1.88,1.98,1.96,,,,,,,,,,,,,,,,,,,,,,,,,,,,,,,,,,,,,,,,,,,,,,,,,,,,,,
E1,13/12/2025,12:30,Stoke,Swansea,R Ricardo,1.81,3.5,4.2,1.9,3.4,4.2,1.86,3.6,4.4,1.87,3.5,4.2,1.88,3.5,4.2,1.85,3.5,4.2,1.85,3.5,4.2,1.89,3.49,4.22,1.91,3.6,4.4,1.86,3.47,4.21,1.94,3.65,4.5,2.1,1.73,2.1,1.75,2.1,1.78,2.02,1.74,2.16,1.81,-0.5,1.88,1.98,1.91,1.96,1.88,1.98,1.83,1.91,1.94,2.03,,,,,,,,,,,,,,,,,,,,,,,,,,,,,,,,,,,,,,,,,,,,,,,,,,,,,,
E1,13/12/2025,15:00,Birmingham,Charlton,A Kitchen,1.53,4,5.75,1.57,3.75,6,1.62,3.85,6,1.55,4,6,1.58,4.1,5.5,1.57,4.2,5.5,1.57,4,5.5,1.57,4.05,5.85,1.62,4.2,6,1.57,3.9,5.79,1.61,4.3,6.6,2,1.8,2.01,1.85,2,1.8,1.95,1.79,2.04,1.89,-1,2.03,1.83,2.04,1.84,2.03,1.83,1.99,1.77,2.05,1.91,,,,,,,,,,,,,,,,,,,,,,,,,,,,,,,,,,,,,,,,,,,,,,,,,,,,,,
E1,13/12/2025,15:00,Coventry,Bristol City,S Martin,1.66,3.75,4.75,1.7,4,4.6,1.68,4.1,4.9,1.7,3.9,4.6,1.72,4,4.4,1.73,4,4.4,1.7,4,4.4,1.69,4.08,4.56,1.73,4.1,4.9,1.69,3.93,4.61,1.75,4.1,5,1.67,2.2,1.71,2.16,1.7,2.2,1.66,2.13,1.74,2.26,-0.75,1.93,1.93,1.91,1.96,1.93,1.95,1.84,1.92,1.94,2.02,,,,,,,,,,,,,,,,,,,,,,,,,,,,,,,,,,,,,,,,,,,,,,,,,,,,,,
E1,13/12/2025,15:00,Leicester,Ipswich,T Kirk,3.25,3.5,2.1,3.3,3.3,2.2,3.4,3.4,2.2,3.3,3.4,2.15,3.4,3.4,2.15,3.4,3.4,2.15,3.3,3.4,2.1,3.33,3.53,2.14,3.5,3.5,2.2,3.33,3.37,2.14,3.5,3.65,2.2,1.91,1.91,1.93,1.93,1.93,1.91,1.89,1.85,1.96,1.99,0.25,2,1.85,2,1.87,2,1.85,1.94,1.77,2.05,1.91,,,,,,,,,,,,,,,,,,,,,,,,,,,,,,,,,,,,,,,,,,,,,,,,,,,,,,
E1,13/12/2025,15:00,Middlesbrough,QPR,J Smith,1.86,3.7,3.8,1.95,3.5,3.75,1.93,3.6,4.1,1.93,3.6,3.8,1.93,3.6,3.8,1.91,3.6,3.8,1.91,3.6,3.75,1.95,3.62,3.8,1.96,3.7,4.1,1.92,3.57,3.8,2,3.75,4,1.91,1.91,1.93,1.93,1.91,1.93,1.84,1.89,1.91,2.04,-0.5,1.93,1.93,1.97,1.9,1.95,1.93,1.89,1.85,2,1.98,,,,,,,,,,,,,,,,,,,,,,,,,,,,,,,,,,,,,,,,,,,,,,,,,,,,,,
E1,13/12/2025,15:00,Millwall,Hull,G Ward,1.91,3.5,3.7,2,3.5,3.6,1.98,3.45,4,1.95,3.5,3.8,2,3.5,3.7,2,3.5,3.7,2,3.4,3.6,1.95,3.71,3.7,2,3.75,4,1.96,3.5,3.71,2.04,3.75,3.95,1.91,1.91,1.92,1.93,1.98,1.91,1.89,1.84,1.98,1.96,-0.5,1.98,1.88,1.97,1.9,1.98,1.88,1.92,1.82,2.04,1.94,,,,,,,,,,,,,,,,,,,,,,,,,,,,,,,,,,,,,,,,,,,,,,,,,,,,,,
E1,13/12/2025,15:00,Portsmouth,Blackburn,T Robinson,2.7,3.25,2.5,2.8,3.1,2.6,2.8,3.2,2.65,2.75,3.3,2.55,2.75,3.3,2.55,2.75,3.3,2.6,2.7,3.25,2.6,2.81,3.31,2.56,2.8,3.33,2.65,2.74,3.22,2.57,2.94,3.45,2.62,2.1,1.73,2.11,1.74,2.16,1.73,2.09,1.69,2.18,1.79,0,2,1.85,2.03,1.85,2,1.86,1.94,1.82,2.09,1.89,,,,,,,,,,,,,,,,,,,,,,,,,,,,,,,,,,,,,,,,,,,,,,,,,,,,,,
E1,13/12/2025,15:00,Wrexham,Watford,J Miles,2.5,3.2,2.7,2.5,3.25,2.8,2.45,3.3,3.05,2.55,3.3,2.75,2.5,3.3,2.8,2.5,3.3,2.8,2.5,3.3,2.8,2.61,3.25,2.79,2.6,3.3,3.05,2.5,3.23,2.82,2.64,3.4,2.9,2,1.8,2.02,1.84,2.1,1.8,1.99,1.76,2.02,1.92,0,1.85,2,1.87,2.01,1.85,2,1.8,1.96,1.88,2.09,,,,,,,,,,,,,,,,,,,,,,,,,,,,,,,,,,,,,,,,,,,,,,,,,,,,,,
E1,15/12/2025,20:00,Sheffield Weds,Derby,L Smith,3.2,3.2,2.2,3.1,3.2,2.38,3.4,3.3,2.25,3,3.2,2.25,3.1,3.25,2.3,3.1,3.25,2.3,3.1,3.25,2.3,3.28,3.25,2.28,3.4,3.3,2.38,3.16,3.21,2.27,3.45,3.25,2.3,2.1,1.73,2.14,1.72,2.2,1.73,2.1,1.68,2.14,1.73,0.25,1.88,1.98,1.89,1.96,1.9,1.98,1.86,1.86,1.93,1.96,,,,,,,,,,,,,,,,,,,,,,,,,,,,,,,,,,,,,,,,,,,,,,,,,,,,,,
E2,13/12/2025,12:30,AFC Wimbledon,Mansfield,E Bell,2.3,3.3,2.85,2.4,3.2,3,2.48,3.25,2.85,2.38,3.25,3,2.45,3.3,2.75,2.5,3.3,2.8,2.45,3.3,2.8,,,,2.5,3.3,3,2.4,3.24,2.89,2.42,3.35,3.05,2.1,1.7,,,2.1,1.73,2.07,1.69,2.16,1.73,-0.25,2.05,1.8,,,2.05,1.8,2.01,1.71,2.07,1.83,,,,,,,,,,,,,,,,,,,,,,,,,,,,,,,,,,,,,,,,,,,,,,,,,,,,,,
E2,13/12/2025,12:30,Huddersfield,Wigan,D Drysdale,2.01,3.4,3.4,2.1,3.3,3.5,2.14,3.25,3.4,2.1,3.3,3.5,2.05,3.4,3.5,2.05,3.4,3.6,2.05,3.4,3.5,,,,2.15,3.4,3.6,2.09,3.33,3.43,2.12,3.55,3.7,2.08,1.73,,,2.1,1.75,2.02,1.72,2.12,1.79,-0.25,1.83,2.03,,,1.83,2.03,1.77,1.93,1.84,2.13,,,,,,,,,,,,,,,,,,,,,,,,,,,,,,,,,,,,,,,,,,,,,,,,,,,,,,
E2,13/12/2025,15:00,Barnsley,Leyton Orient,S Mather,2.1,3.6,2.95,2.15,3.5,3.2,2.3,3.55,2.88,2.15,3.6,3.1,2.15,3.75,2.9,2.2,3.8,3,2.15,3.75,2.9,,,,2.32,3.8,3.2,2.18,3.6,2.99,2.24,3.85,3.1,1.67,2.15,,,1.67,2.2,1.65,2.13,1.69,2.22,-0.25,1.9,1.95,,,1.93,1.95,1.88,1.82,1.96,1.93,,,,,,,,,,,,,,,,,,,,,,,,,,,,,,,,,,,,,,,,,,,,,,,,,,,,,,
E2,13/12/2025,15:00,Blackpool,Lincoln,S Stockbridge,3.05,3.3,2.2,3.1,3.25,2.3,3.05,3.35,2.28,3.1,3.3,2.3,3,3.3,2.3,3,3.3,2.3,3,3.3,2.3,,,,3.15,3.4,2.3,3.04,3.29,2.27,3.2,3.25,2.32,2,1.8,,,2.1,1.8,1.97,1.76,2.04,1.8,0.25,1.88,1.98,,,1.88,1.98,1.8,1.9,1.87,1.98,,,,,,,,,,,,,,,,,,,,,,,,,,,,,,,,,,,,,,,,,,,,,,,,,,,,,,
E2,13/12/2025,15:00,Bolton,Exeter,B Speedie,1.41,4.5,6.25,1.44,4.5,7,1.49,4.35,6.25,1.44,4.5,6.5,1.46,4.6,6,1.48,4.8,6.5,1.44,4.6,6,,,,1.5,4.8,7,1.45,4.49,6.32,1.51,4.5,6.8,1.67,2.15,,,1.7,2.2,1.66,2.1,1.67,2.22,-1.25,2.03,1.83,,,2.03,1.83,1.97,1.74,2.06,1.81,,,,,,,,,,,,,,,,,,,,,,,,,,,,,,,,,,,,,,,,,,,,,,,,,,,,,,
E2,13/12/2025,15:00,Bradford,Reading,P Howard,1.91,3.6,3.6,1.95,3.6,3.75,1.91,3.55,3.9,1.95,3.6,3.6,1.9,3.7,3.6,1.95,3.75,3.6,1.91,3.75,3.6,,,,1.95,3.75,3.9,1.93,3.58,3.67,2,3.6,3.75,1.8,2,,,1.85,2,1.78,1.95,1.82,2.04,-0.5,1.98,1.88,,,1.98,1.9,1.87,1.83,2,1.87,,,,,,,,,,,,,,,,,,,,,,,,,,,,,,,,,,,,,,,,,,,,,,,,,,,,,,
E2,13/12/2025,15:00,Burton,Wycombe,N Hair,3.5,3.4,1.96,3.75,3.4,2,4,3.45,1.9,3.6,3.4,2.05,3.6,3.4,1.98,3.6,3.5,2,3.6,3.5,2,,,,4,3.5,2.05,3.62,3.38,2,3.7,3.4,2.14,2,1.8,,,2,1.8,1.96,1.76,2.02,1.83,0.5,1.8,2.05,,,1.83,2.05,1.77,1.95,1.81,2.14,,,,,,,,,,,,,,,,,,,,,,,,,,,,,,,,,,,,,,,,,,,,,,,,,,,,,,
E2,13/12/2025,15:00,Cardiff,Doncaster,A Chilowicz,1.76,3.8,3.9,1.8,3.75,4.33,1.72,3.8,4.5,1.8,3.8,4.1,1.75,3.9,4.1,1.75,4,4.2,1.75,3.9,4.2,,,,1.81,4,4.6,1.77,3.81,4.14,1.84,4.1,4.2,1.67,2.15,,,1.67,2.2,1.66,2.11,1.71,2.22,-0.5,1.83,2.03,,,1.83,2.05,1.73,2,1.82,2.14,,,,,,,,,,,,,,,,,,,,,,,,,,,,,,,,,,,,,,,,,,,,,,,,,,,,,,
E2,13/12/2025,15:00,Luton,Port Vale,L Swabey,1.71,3.6,4.5,1.8,3.5,4.6,1.76,3.5,4.75,1.75,3.5,4.75,1.77,3.5,4.5,1.8,3.6,4.6,1.8,3.5,4.5,,,,1.8,3.6,4.75,1.77,3.51,4.56,1.85,3.55,4.9,2.05,1.75,,,2.1,1.75,2.04,1.71,2.06,1.77,-0.75,2.03,1.83,,,2.03,1.83,1.95,1.76,2.11,1.82,,,,,,,,,,,,,,,,,,,,,,,,,,,,,,,,,,,,,,,,,,,,,,,,,,,,,,
E2,13/12/2025,15:00,Peterboro,Northampton,J Busby,2.01,3.3,3.5,2.1,3.3,3.5,1.92,3.5,3.85,2.05,3.3,3.6,2.05,3.4,3.4,2.1,3.4,3.5,2.1,3.4,3.4,,,,2.1,3.5,3.85,2.05,3.32,3.53,2.2,3.45,3.6,2.05,1.75,,,2.12,1.75,2.04,1.71,2.12,1.75,-0.25,1.8,2.05,,,1.8,2.05,1.72,2,1.9,2.05,,,,,,,,,,,,,,,,,,,,,,,,,,,,,,,,,,,,,,,,,,,,,,,,,,,,,,
E2,13/12/2025,15:00,Plymouth,Rotherham,D Rock,1.96,3.5,3.4,2.05,3.4,3.5,2.04,3.4,3.55,2,3.5,3.5,2.05,3.4,3.4,2.05,3.5,3.5,2.05,3.5,3.5,,,,2.08,3.6,3.55,2.02,3.48,3.44,2.06,3.45,3.6,1.93,1.93,,,1.93,1.93,1.88,1.84,1.92,1.94,-0.5,2.05,1.8,,,2.05,1.8,1.97,1.74,2.06,1.83,,,,,,,,,,,,,,,,,,,,,,,,,,,,,,,,,,,,,,,,,,,,,,,,,,,,,,
E2,13/12/2025,15:00,Stockport,Stevenage,W Finnie,1.81,3.25,4.2,1.83,3.3,4.5,1.88,3.35,4.25,1.83,3.4,4.5,1.9,3.4,4,1.91,3.4,4,1.91,3.4,4,,,,1.91,3.4,4.5,1.86,3.33,4.28,1.94,3.4,4.7,2.25,1.62,,,2.3,1.62,2.23,1.59,2.36,1.65,-0.5,1.85,2,,,2.06,2,1.83,1.88,1.94,2.05,,,,,,,,,,,,,,,,,,,,,,,,,,,,,,,,,,,,,,,,,,,,,,,,,,,,,,
E3,13/12/2025,12:30,Bristol Rvs,Swindon,A Bannister,2.75,3.6,2.2,2.88,3.4,2.38,2.8,3.3,2.33,2.9,3.5,2.3,2.9,3.4,2.3,3,3.5,2.3,2.9,3.4,2.3,,,,3,3.6,2.38,2.85,3.45,2.29,3.15,3.6,2.36,1.85,1.95,,,1.91,1.95,1.82,1.89,1.86,2.02,0.25,1.83,2.03,,,1.83,2.03,1.75,1.96,1.93,2.03,,,,,,,,,,,,,,,,,,,,,,,,,,,,,,,,,,,,,,,,,,,,,,,,,,,,,,
E3,13/12/2025,12:30,Salford,Colchester,S Oldham,2.15,3.5,2.95,2.25,3.4,3.1,2.15,3.3,3.1,2.2,3.5,3.13,2.2,3.4,3.1,2.2,3.5,3.1,2.2,3.5,3.1,,,,2.3,3.5,3.13,2.19,3.41,3.06,2.28,3.45,3.05,1.85,1.95,,,1.91,1.95,1.83,1.88,1.87,1.96,-0.25,1.95,1.9,,,1.95,1.9,1.86,1.84,1.99,1.87,,,,,,,,,,,,,,,,,,,,,,,,,,,,,,,,,,,,,,,,,,,,,,,,,,,,,,
E3,13/12/2025,15:00,Accrington,Bromley,S Copeland,2.75,3.2,2.45,3,3.25,2.4,3,3.15,2.32,2.8,3.3,2.45,2.87,3.3,2.37,2.9,3.3,2.4,2.9,3.3,2.37,,,,3,3.3,2.55,2.87,3.19,2.42,2.86,3.25,2.62,2.03,1.83,,,2.03,1.83,1.97,1.76,2.04,1.81,0,2.05,1.8,,,2.05,1.8,1.99,1.76,2.05,1.84,,,,,,,,,,,,,,,,,,,,,,,,,,,,,,,,,,,,,,,,,,,,,,,,,,,,,,
E3,13/12/2025,15:00,Cheltenham,Harrogate,M Barlow,1.96,3.4,3.6,2.1,3.3,3.5,2.16,3.25,3.15,2.05,3.4,3.5,2.05,3.4,3.4,2.1,3.4,3.5,2.1,3.4,3.4,,,,2.16,3.4,3.6,2.05,3.33,3.47,2.06,3.4,3.9,2.05,1.75,,,2.05,1.8,1.98,1.75,2.14,1.83,-0.5,2.05,1.8,,,2.05,1.8,2,1.72,2.06,1.9,,,,,,,,,,,,,,,,,,,,,,,,,,,,,,,,,,,,,,,,,,,,,,,,,,,,,,
E3,13/12/2025,15:00,Chesterfield,Barnet,P Wright,2.82,3.4,2.3,3,3.4,2.3,,,,2.9,3.5,2.3,2.95,3.4,2.25,3,3.5,2.25,3,3.5,2.25,,,,3,3.5,2.42,2.88,3.43,2.3,2.96,3.75,2.42,1.85,1.95,,,1.85,2,1.81,1.91,1.86,2.04,0.25,1.8,2.05,,,1.8,2.05,1.75,1.97,1.85,2.09,,,,,,,,,,,,,,,,,,,,,,,,,,,,,,,,,,,,,,,,,,,,,,,,,,,,,,
E3,13/12/2025,15:00,Crawley Town,Oldham,C Breakspear,2.45,3.4,2.55,2.5,3.4,2.75,2.5,3.25,2.63,2.5,3.5,2.63,2.55,3.4,2.6,2.6,3.5,2.62,2.6,3.4,2.62,,,,2.6,3.5,2.75,2.52,3.34,2.64,2.48,3.4,2.68,1.75,2.05,,,1.8,2.05,1.75,1.97,1.77,2.06,0,1.85,2,,,1.85,2,1.82,1.91,1.82,1.97,,,,,,,,,,,,,,,,,,,,,,,,,,,,,,,,,,,,,,,,,,,,,,,,,,,,,,
E3,13/12/2025,15:00,Gillingham,Barrow,F Hallam,1.81,3.4,4.2,1.9,3.4,4.2,1.9,3.3,3.9,1.87,3.4,4.2,1.9,3.4,3.9,1.95,3.4,4,1.91,3.4,4,,,,1.95,3.5,4.2,1.88,3.37,4.06,1.96,3.4,4.4,2.1,1.7,,,2.1,1.73,2.06,1.69,2.12,1.73,-0.5,1.88,1.98,,,1.9,1.98,1.84,1.87,1.96,2.01,,,,,,,,,,,,,,,,,,,,,,,,,,,,,,,,,,,,,,,,,,,,,,,,,,,,,,
E3,13/12/2025,15:00,Grimsby,Notts County,W Cartmel,1.91,3.7,3.6,2,3.5,3.6,1.98,3.5,3.35,1.95,3.6,3.6,1.98,3.6,3.4,2,3.6,3.5,2,3.6,3.5,,,,2,3.75,3.6,1.97,3.57,3.48,2.08,3.7,3.55,1.75,2.05,,,1.8,2.1,1.73,1.99,1.74,2.1,-0.5,1.98,1.88,,,1.98,1.88,1.92,1.79,2.08,1.84,,,,,,,,,,,,,,,,,,,,,,,,,,,,,,,,,,,,,,,,,,,,,,,,,,,,,,
E3,13/12/2025,15:00,Milton Keynes Dons,Cambridge,J Oldham,2.05,3.3,3.4,2.2,3.2,3.4,2.15,3.15,3.25,2.15,3.2,3.5,2.1,3.25,3.4,2.15,3.3,3.5,2.15,3.3,3.4,,,,2.2,3.4,3.5,2.13,3.23,3.37,2.12,3.35,3.6,2.25,1.62,,,2.25,1.65,2.19,1.61,2.26,1.65,-0.25,1.85,2,,,1.85,2,1.8,1.89,1.81,2.03,,,,,,,,,,,,,,,,,,,,,,,,,,,,,,,,,,,,,,,,,,,,,,,,,,,,,,
E3,13/12/2025,15:00,Newport County,Fleetwood Town,M Corlett,2.75,3.4,2.35,3,3.3,2.38,2.88,3.3,2.28,2.88,3.4,2.4,2.87,3.4,2.3,2.9,3.5,2.37,2.9,3.4,2.3,,,,3,3.5,2.4,2.85,3.38,2.34,2.94,3.3,2.5,1.88,1.98,,,1.91,1.98,1.82,1.9,1.85,1.98,0.25,1.73,2.08,,,1.75,2.08,1.73,1.98,1.77,2.14,,,,,,,,,,,,,,,,,,,,,,,,,,,,,,,,,,,,,,,,,,,,,,,,,,,,,,
E3,13/12/2025,15:00,Tranmere,Crewe,R Joyce,2.5,3.3,2.57,2.63,3.3,2.63,2.63,3.3,2.5,2.55,3.4,2.63,2.55,3.4,2.55,2.6,3.5,2.6,2.6,3.5,2.6,,,,2.63,3.5,2.64,2.58,3.33,2.58,2.62,3.4,2.66,1.93,1.93,,,1.93,1.93,1.86,1.85,1.94,2.02,0,1.88,1.98,,,1.9,1.98,1.85,1.89,1.92,1.96,,,,,,,,,,,,,,,,,,,,,,,,,,,,,,,,,,,,,,,,,,,,,,,,,,,,,,
E3,13/12/2025,15:00,Walsall,Shrewsbury,I Searle,1.62,3.7,4.75,1.7,3.6,5,1.71,3.45,4.75,1.7,3.6,5,1.73,3.5,4.75,1.75,3.6,4.8,1.73,3.6,4.8,,,,1.75,3.7,5.1,1.7,3.54,4.89,1.76,3.7,5.4,2.05,1.75,,,2.12,1.75,2.05,1.7,2.12,1.74,-0.75,1.93,1.93,,,1.93,1.93,1.86,1.83,1.97,1.95,,,,,,,,,,,,,,,,,,,,,,,,,,,,,,,,,,,,,,,,,,,,,,,,,,,,,,
F1,12/12/2025,19:45,Angers,Nantes,,2.15,3.2,3.6,2.1,3.2,3.6,2.08,3.2,3.75,2.15,3.2,3.5,2.15,3.1,3.7,2.15,3.1,3.7,2.15,3.1,3.7,2.19,3.27,3.77,2.15,3.2,3.75,2.11,3.16,3.64,2.22,3.3,3.95,2.38,1.57,2.42,1.62,2.38,1.65,2.26,1.59,2.44,1.68,-0.25,1.85,2,1.87,2.06,1.85,2.05,1.78,1.99,1.89,2.09,,,,,,,,,,,,,,,,,,,,,,,,,,,,,,,,,,,,,,,,,,,,,,,,,,,,,,
F1,13/12/2025,16:00,Rennes,Brest,,1.83,3.75,4.1,1.83,3.75,4,1.82,3.8,4.2,1.8,3.6,3.9,1.83,3.8,4,1.83,3.8,4,1.83,3.75,4,1.84,3.93,4.2,1.85,3.8,4.2,1.82,3.7,4.06,1.88,4,4.3,1.73,2.1,1.74,2.18,1.73,2.1,1.7,2.07,1.78,2.22,-0.5,1.83,2.03,1.85,2.07,1.83,2.03,1.79,1.96,1.88,2.09,,,,,,,,,,,,,,,,,,,,,,,,,,,,,,,,,,,,,,,,,,,,,,,,,,,,,,
F1,13/12/2025,18:00,Metz,Paris SG,,10,6.5,1.25,11,6.5,1.22,10.5,6.4,1.25,9.5,6,1.22,10,6.5,1.25,10,6.5,1.25,10,6.5,1.25,10.74,6.84,1.24,11.5,6.5,1.27,10.09,6.31,1.24,12.5,7.4,1.27,1.36,3.2,1.38,3.07,1.38,3.4,1.34,3.09,1.4,3.3,1.75,1.98,1.88,1.96,1.93,2.06,1.88,1.98,1.8,2.01,1.92,,,,,,,,,,,,,,,,,,,,,,,,,,,,,,,,,,,,,,,,,,,,,,,,,,,,,,
F1,13/12/2025,20:05,Paris FC,Toulouse,,2.4,3.4,2.88,2.38,3.25,3,2.4,3.35,2.95,2.38,3.25,2.8,2.4,3.4,2.87,2.4,3.4,2.87,2.4,3.4,2.87,2.48,3.31,3.05,2.5,3.4,3,2.39,3.3,2.91,2.5,3.4,3.05,2.03,1.83,2.05,1.85,2.03,1.87,1.94,1.8,2.08,1.87,-0.25,2.1,1.78,2.13,1.8,2.1,1.78,2.03,1.75,2.15,1.81,,,,,,,,,,,,,,,,,,,,,,,,,,,,,,,,,,,,,,,,,,,,,,,,,,,,,,
F1,14/12/2025,14:00,Lyon,Le Havre,,1.6,4.1,5.25,1.57,3.75,6,1.53,4.1,6.4,1.55,3.8,5.5,1.6,3.9,5.75,1.6,3.9,5.75,1.6,3.9,5.5,1.6,4.12,5.85,1.6,4.1,6.4,1.57,3.92,5.76,1.64,4.1,6.2,1.91,1.91,1.95,1.93,1.95,1.91,1.89,1.85,1.99,1.94,-1,2.05,1.8,2.09,1.83,2.05,1.92,1.95,1.83,2.14,1.82,,,,,,,,,,,,,,,,,,,,,,,,,,,,,,,,,,,,,,,,,,,,,,,,,,,,,,
F1,14/12/2025,16:15,Auxerre,Lille,,4.5,3.6,1.8,4.5,3.6,1.8,4.4,3.8,1.78,4.33,3.5,1.75,4.5,3.6,1.78,4.5,3.6,1.8,4.5,3.6,1.8,4.46,3.76,1.83,4.55,3.8,1.83,4.41,3.62,1.78,4.6,3.7,1.89,1.93,1.93,1.94,1.94,1.93,1.93,1.86,1.87,1.94,1.97,0.75,1.78,2.03,1.82,2.07,1.82,2.03,1.79,1.97,1.82,2.15,,,,,,,,,,,,,,,,,,,,,,,,,,,,,,,,,,,,,,,,,,,,,,,,,,,,,,
F1,14/12/2025,16:15,Lens,Nice,,1.48,4.5,6.25,1.5,4.5,6,1.48,4.75,6.1,1.44,4.4,5.75,1.5,4.5,6,1.5,4.5,6,1.5,4.4,6,1.49,4.72,6.49,1.5,4.75,6.33,1.48,4.51,5.97,1.51,4.9,6.6,1.53,2.5,1.53,2.6,1.53,2.6,1.49,2.5,1.55,2.72,-1.25,2.03,1.83,2.06,1.85,2.03,1.83,1.97,1.79,2.06,1.88,,,,,,,,,,,,,,,,,,,,,,,,,,,,,,,,,,,,,,,,,,,,,,,,,,,,,,
F1,14/12/2025,16:15,Strasbourg,Lorient,,1.73,3.7,4.75,1.73,3.75,4.6,1.74,3.8,4.6,1.67,3.7,4.5,1.73,3.8,4.6,1.73,3.8,4.6,1.73,3.75,4.5,1.75,3.96,4.72,1.74,4,4.75,1.72,3.76,4.54,1.77,4,4.9,1.8,2,1.85,2.05,1.83,2.04,1.76,1.99,1.83,2.12,-0.75,1.95,1.9,1.97,1.93,1.95,1.9,1.91,1.86,1.98,1.95,,,,,,,,,,,,,,,,,,,,,,,,,,,,,,,,,,,,,,,,,,,,,,,,,,,,,,
F1,14/12/2025,19:45,Marseille,Monaco,,1.9,3.75,3.75,1.9,4,3.6,1.83,4.2,3.8,1.85,3.8,3.5,1.87,3.9,3.75,1.85,3.9,3.75,1.85,3.9,3.7,1.93,3.93,3.81,1.91,4.2,3.8,1.86,3.89,3.67,1.97,4.1,3.95,1.5,2.63,1.51,2.6,1.5,2.75,1.47,2.59,1.54,2.74,-0.5,1.9,1.95,1.93,1.97,1.9,2,1.83,1.93,1.97,2.02,,,,,,,,,,,,,,,,,,,,,,,,,,,,,,,,,,,,,,,,,,,,,,,,,,,,,,
F2,12/12/2025,19:00,Annecy,Le Mans,,2.7,2.75,2.7,2.88,2.8,2.63,2.7,2.95,2.63,2.8,2.9,2.7,2.85,2.95,2.6,2.75,2.8,2.5,2.75,2.8,2.5,,,,2.9,2.95,2.8,2.78,2.85,2.65,3.1,2.9,2.88,2.88,1.4,,,2.88,1.55,2.63,1.43,2.96,1.47,0,1.9,1.9,,,1.91,1.9,1.88,1.84,2.03,1.91,,,,,,,,,,,,,,,,,,,,,,,,,,,,,,,,,,,,,,,,,,,,,,,,,,,,,,
F2,12/12/2025,19:00,Laval,Dunkerque,,3.2,3,2.15,3.25,3,2.3,2.9,3.1,2.35,3.25,3.13,2.25,3.25,3.1,2.25,3.1,3,2.2,3.1,3,2.2,,,,3.3,3.2,2.35,3.14,3.06,2.27,3.55,3.15,2.44,2.4,1.53,,,2.4,1.65,2.24,1.58,2.5,1.63,0.25,1.9,1.9,,,1.9,1.98,1.78,1.92,1.94,2.05,,,,,,,,,,,,,,,,,,,,,,,,,,,,,,,,,,,,,,,,,,,,,,,,,,,,,,
F2,12/12/2025,19:00,Nancy,Clermont,,1.85,3.2,3.7,1.91,3.3,4,1.9,3.3,3.9,1.93,3.4,3.9,2,3.3,3.6,1.95,3.2,3.4,1.95,3.2,3.4,,,,2,3.5,4,1.92,3.33,3.77,2.06,3.55,3.95,2,1.8,,,2.06,1.8,2.02,1.72,2.12,1.83,-0.5,1.93,1.88,,,1.93,1.9,1.87,1.83,2.02,1.92,,,,,,,,,,,,,,,,,,,,,,,,,,,,,,,,,,,,,,,,,,,,,,,,,,,,,,
F2,12/12/2025,19:00,Pau FC,Amiens,,1.44,3.8,6,1.5,4,6.5,1.56,3.85,5.5,1.45,4.2,7,1.46,4.4,6.25,1.44,4.2,5.75,1.44,4.2,5.75,,,,1.56,4.4,7,1.48,4.07,6.16,1.52,4.4,7.2,1.83,1.98,,,1.85,2.1,1.79,1.92,1.87,2.06,-1,1.78,2.03,,,1.91,2.03,1.82,1.89,1.86,2.06,,,,,,,,,,,,,,,,,,,,,,,,,,,,,,,,,,,,,,,,,,,,,,,,,,,,,,
F2,12/12/2025,19:00,Rodez,Guingamp,,2.1,3.25,3,2.3,3.25,3,2.35,3.25,2.75,2.2,3.4,3.1,2.25,3.3,3,2.2,3.2,2.87,2.2,3.2,2.87,,,,2.38,3.4,3.25,2.24,3.26,2.97,2.36,3.5,3.35,1.95,1.85,,,1.95,1.85,1.87,1.83,2,1.95,-0.25,1.9,1.9,,,2.07,1.9,1.95,1.75,2.02,1.94,,,,,,,,,,,,,,,,,,,,,,,,,,,,,,,,,,,,,,,,,,,,,,,,,,,,,,
F2,13/12/2025,13:00,Grenoble,Montpellier,,2.9,3.1,2.2,3,3.2,2.3,3,3.2,2.25,3,3.25,2.25,2.95,3.3,2.3,2.87,3.1,2.2,2.87,3.1,2.2,,,,3.25,3.3,2.3,3.01,3.19,2.24,3.25,3.3,2.26,2.05,1.75,,,2.1,1.75,2.01,1.71,2.06,1.77,0.25,1.83,1.98,,,1.83,1.98,1.79,1.9,1.91,1.95,,,,,,,,,,,,,,,,,,,,,,,,,,,,,,,,,,,,,,,,,,,,,,,,,,,,,,
F2,13/12/2025,13:00,Red Star,Reims,,2.7,3,2.35,2.88,3.1,2.4,2.85,3,2.48,2.8,3.2,2.4,2.95,3.25,2.35,2.8,3.1,2.25,2.8,3.1,2.25,,,,2.95,3.25,2.5,2.82,3.12,2.4,2.88,3.15,2.58,2.1,1.7,,,2.2,1.7,2.12,1.64,2.14,1.77,0.25,1.73,2.08,,,1.73,2.08,1.66,2.06,1.73,2.2,,,,,,,,,,,,,,,,,,,,,,,,,,,,,,,,,,,,,,,,,,,,,,,,,,,,,,
F2,13/12/2025,19:00,St Etienne,Bastia,,1.67,3.4,4.75,1.67,3.6,5,1.67,3.6,4.8,1.67,3.7,4.6,1.7,3.7,4.6,1.67,3.5,4.33,1.67,3.5,4.33,,,,1.7,3.8,5,1.67,3.63,4.67,1.71,3.95,5.2,1.9,1.9,,,1.95,1.9,1.85,1.84,1.9,1.92,-0.75,1.9,1.9,,,1.9,1.9,1.82,1.86,1.91,1.98,,,,,,,,,,,,,,,,,,,,,,,,,,,,,,,,,,,,,,,,,,,,,,,,,,,,,,
F2,15/12/2025,19:45,Boulogne,Troyes,,3.6,3,1.95,3.75,3.2,2,3.7,3.25,1.98,3.7,3.2,2,3.6,3.3,2,3.5,3.2,1.95,3.5,3.2,1.95,,,,3.75,3.3,2,3.66,3.18,1.98,3.9,2.82,2.02,2.2,1.65,,,2.2,1.65,2.15,1.63,2.22,1.66,0.5,1.8,2,,,1.83,2,1.76,1.95,1.67,2.02,,,,,,,,,,,,,,,,,,,,,,,,,,,,,,,,,,,,,,,,,,,,,,,,,,,,,,
G1,13/12/2025,15:00,Levadeiakos,Larisa,,1.37,4.5,8,1.36,4.2,7.5,1.38,4.4,7.5,1.36,4.4,7.5,1.4,4.75,7,1.36,4.4,6.5,1.36,4.4,6.5,,,,1.4,4.75,8,1.37,4.41,7.31,1.41,4.7,8.6,1.8,2,,,1.8,2,1.74,1.98,1.82,1.98,-1.25,1.9,1.9,,,1.9,1.9,1.83,1.85,1.96,1.9,,,,,,,,,,,,,,,,,,,,,,,,,,,,,,,,,,,,,,,,,,,,,,,,,,,,,,
G1,13/12/2025,16:00,OFI Crete,Panserraikos,,1.86,3.3,4.2,1.9,3.3,3.6,1.8,3.55,3.95,1.87,3.4,3.7,1.88,3.6,3.8,1.83,3.4,3.6,1.83,3.4,3.6,,,,1.93,3.6,4.33,1.86,3.37,3.87,1.91,3.4,4.1,1.83,1.98,,,1.83,1.98,1.79,1.91,1.86,1.99,-0.5,1.9,1.9,,,1.9,1.9,1.85,1.84,1.91,2.01,,,,,,,,,,,,,,,,,,,,,,,,,,,,,,,,,,,,,,,,,,,,,,,,,,,,,,
G1,13/12/2025,18:00,Kifisia,Asteras Tripolis,,2.01,3.25,3.75,2,3.1,3.5,,,,2,3.25,3.5,2,3.4,3.5,1.95,3.2,3.3,1.95,3.2,3.3,,,,2.01,3.4,3.75,1.99,3.24,3.53,2.1,3.3,3.75,2.08,1.73,,,2.1,1.73,2.04,1.7,2.12,1.73,-0.5,2.03,1.78,,,2.03,1.8,1.97,1.75,2.1,1.79,,,,,,,,,,,,,,,,,,,,,,,,,,,,,,,,,,,,,,,,,,,,,,,,,,,,,,
G1,14/12/2025,15:30,Panetolikos,AEK,,7,4.33,1.41,7.5,4,1.4,8,4.1,1.4,8,4.2,1.36,7.25,4.4,1.42,6.5,4.2,1.4,6.5,4.2,1.4,,,,8.1,4.5,1.42,7.49,4.18,1.39,6,4.5,1.4,1.98,1.83,,,2,1.83,1.95,1.76,1.33,1.84,1.25,1.83,1.98,,,1.83,1.98,1.79,1.9,,,,,,,,,,,,,,,,,,,,,,,,,,,,,,,,,,,,,,,,,,,,,,,,,,,,,,,,
G1,14/12/2025,16:00,Atromitos,PAOK,,7,4.33,1.41,7,4,1.4,7,4.25,1.41,7,4.2,1.4,6.5,4.5,1.44,5.75,4.2,1.4,5.75,4.2,1.4,,,,7,4.5,1.44,6.71,4.25,1.41,8,4.6,1.42,1.8,2,,,1.8,2,1.78,1.93,1.28,2.02,1.25,1.8,2,,,1.8,2,1.78,1.92,,,,,,,,,,,,,,,,,,,,,,,,,,,,,,,,,,,,,,,,,,,,,,,,,,,,,,,,
G1,14/12/2025,18:00,Aris,Olympiakos,,7.5,4.2,1.42,7,3.75,1.44,6.5,3.95,1.47,7,3.9,1.44,6.75,4.2,1.46,6,4,1.44,6,4,1.44,,,,7.5,4.2,1.47,6.78,3.99,1.44,8.8,4.2,1.45,2.03,1.78,,,2.03,1.8,1.96,1.75,2.04,1.81,1,2.03,1.78,,,2.03,1.8,1.96,1.76,,,,,,,,,,,,,,,,,,,,,,,,,,,,,,,,,,,,,,,,,,,,,,,,,,,,,,,,
G1,14/12/2025,19:00,Panathinaikos,Volos NFC,,1.27,5,11,1.29,4.6,9.5,1.34,4.6,8.5,1.29,4.8,9.5,1.31,5.25,9,1.28,4.8,8,1.28,4.8,8,,,,1.34,5.33,11,1.3,4.83,8.95,1.3,4.7,6.4,1.73,2.08,,,1.74,2.1,1.7,2.03,1.63,2.1,-1.5,1.9,1.9,,,1.95,1.9,1.88,1.81,,,,,,,,,,,,,,,,,,,,,,,,,,,,,,,,,,,,,,,,,,,,,,,,,,,,,,,,
I1,12/12/2025,19:45,Lecce,Pisa,,2.5,2.88,3.3,2.5,2.88,3.25,2.55,2.8,3.3,2.5,2.8,3.3,2.45,2.87,3.3,2.45,2.87,3.3,2.45,2.87,3.3,2.54,2.9,3.45,2.55,2.9,3.4,2.47,2.83,3.3,2.6,2.94,3.6,2.75,1.44,2.9,1.44,2.8,1.47,2.7,1.43,3,1.48,-0.25,2.1,1.78,2.13,1.82,2.1,1.78,2.06,1.74,2.15,1.85,,,,,,,,,,,,,,,,,,,,,,,,,,,,,,,,,,,,,,,,,,,,,,,,,,,,,,
I1,13/12/2025,14:00,Torino,Cremonese,,1.95,3.25,4.2,1.95,3.3,4,1.96,3.25,4.25,2,3.3,3.9,1.95,3.25,4.1,1.95,3.25,4.2,1.95,3.2,4.2,2.01,3.2,4.43,2,3.3,4.33,1.96,3.21,4.15,2.06,3.35,4.5,2.2,1.67,2.29,1.68,2.25,1.67,2.19,1.64,2.36,1.7,-0.5,2,1.85,2.02,1.88,2,1.85,1.92,1.8,2.06,1.92,,,,,,,,,,,,,,,,,,,,,,,,,,,,,,,,,,,,,,,,,,,,,,,,,,,,,,
I1,13/12/2025,17:00,Parma,Lazio,,3.6,3.3,2.1,3.6,3.2,2.1,3.6,3.3,2.14,3.6,3.25,2.1,3.6,3.3,2.1,3.6,3.3,2.1,3.6,3.25,2.05,3.83,3.34,2.11,3.8,3.33,2.14,3.62,3.25,2.09,4,3.4,2.16,2.3,1.62,2.36,1.64,2.3,1.62,2.24,1.61,2.42,1.67,0.25,2.05,1.8,2.11,1.82,2.05,1.82,1.98,1.73,2.14,1.84,,,,,,,,,,,,,,,,,,,,,,,,,,,,,,,,,,,,,,,,,,,,,,,,,,,,,,
I1,13/12/2025,19:45,Atalanta,Cagliari,,1.33,5,9.5,1.33,5,9.5,1.3,5.4,10,1.3,5.25,10,1.35,5.25,8.5,1.35,5.25,8.5,1.35,5.25,8.5,1.35,5.48,8.72,1.36,5.4,10,1.32,5.14,9.23,1.37,5.6,10.5,1.73,2.1,1.74,2.18,1.73,2.2,1.67,2.13,1.76,2.24,-1.5,2,1.85,2.04,1.87,2,1.85,1.94,1.79,2.08,1.88,,,,,,,,,,,,,,,,,,,,,,,,,,,,,,,,,,,,,,,,,,,,,,,,,,,,,,
I1,14/12/2025,11:30,Milan,Sassuolo,,1.42,4.33,8,1.4,4.5,8,1.4,4.7,8,1.4,4.4,7.5,1.43,4.6,7.25,1.44,4.6,7.5,1.44,4.6,7,1.42,4.78,8.05,1.44,4.75,8.7,1.4,4.54,7.72,1.46,4.9,9,1.83,2.03,1.85,2.05,1.83,2.06,1.77,1.98,1.89,2.06,-1.25,1.98,1.88,1.97,1.93,1.98,1.91,1.89,1.87,2,1.94,,,,,,,,,,,,,,,,,,,,,,,,,,,,,,,,,,,,,,,,,,,,,,,,,,,,,,
I1,14/12/2025,14:00,Fiorentina,Verona,,1.8,3.4,4.75,1.83,3.3,4.6,1.86,3.4,4.5,1.8,3.4,4.5,1.85,3.4,4.33,1.85,3.5,4.33,1.85,3.4,4.33,1.81,3.62,4.83,1.86,3.6,4.75,1.82,3.42,4.51,1.86,3.6,5.2,2.2,1.67,2.25,1.69,2.2,1.67,2.17,1.65,2.3,1.73,-0.5,1.8,2.05,1.81,2.09,1.83,2.05,1.77,1.97,1.86,2.13,,,,,,,,,,,,,,,,,,,,,,,,,,,,,,,,,,,,,,,,,,,,,,,,,,,,,,
I1,14/12/2025,14:00,Udinese,Napoli,,4.5,3.4,1.85,4.33,3.3,1.9,4.3,3.35,1.91,4.4,3.3,1.83,4.5,3.3,1.88,4.5,3.3,1.91,4.4,3.3,1.85,4.6,3.55,1.86,4.5,3.4,1.91,4.38,3.33,1.86,5.2,3.5,1.88,2.3,1.62,2.41,1.62,2.35,1.62,2.29,1.58,2.44,1.66,0.5,2,1.85,2.04,1.87,2,1.85,1.91,1.81,2.1,1.88,,,,,,,,,,,,,,,,,,,,,,,,,,,,,,,,,,,,,,,,,,,,,,,,,,,,,,
I1,14/12/2025,17:00,Genoa,Inter,,6.5,4.2,1.5,6.5,4,1.53,6.75,3.95,1.54,6.5,3.9,1.5,6.25,4,1.55,6,4,1.55,6,4,1.53,6.67,4.38,1.52,6.75,6.8,4,6.37,4.2,1.67,7.2,4.3,1.57,2,1.8,2.02,1.87,2.02,1.83,1.97,1.77,2.04,1.9,1,1.98,1.88,2.03,1.88,1.98,1.94,1.9,1.88,2.01,1.95,,,,,,,,,,,,,,,,,,,,,,,,,,,,,,,,,,,,,,,,,,,,,,,,,,,,,,
I1,14/12/2025,19:45,Bologna,Juventus,,2.88,3.25,2.5,2.88,3.1,2.6,3.05,3.2,2.43,2.8,3.13,2.5,2.85,3.25,2.5,2.8,3.25,2.5,2.8,3.2,2.5,2.95,3.2,2.62,3.05,3.25,2.6,2.87,3.16,2.51,3.05,3.15,2.76,2.2,1.67,2.28,1.68,2.25,1.67,2.2,1.63,2.32,1.7,0,2.05,1.8,2.07,1.84,2.05,1.83,1.99,1.77,2.08,1.9,,,,,,,,,,,,,,,,,,,,,,,,,,,,,,,,,,,,,,,,,,,,,,,,,,,,,,
I1,15/12/2025,19:45,Roma,Como,,2.1,3.3,3.6,2.15,3.2,3.5,2.12,3.25,3.7,2.15,3.2,3.4,2.2,3.2,3.5,2.2,3.2,3.5,2.15,3.2,3.5,2.22,3.19,3.7,2.2,3.3,3.7,2.15,3.17,3.53,2.26,3.2,3.9,2.2,1.67,2.28,1.68,2.25,1.67,2.19,1.64,2.3,1.72,-0.25,1.85,2,1.89,2.01,1.86,2,1.81,1.96,1.91,2.06,,,,,,,,,,,,,,,,,,,,,,,,,,,,,,,,,,,,,,,,,,,,,,,,,,,,,,
I2,12/12/2025,19:30,Palermo,Sampdoria,,1.62,3.75,5.25,1.67,3.6,5,1.66,3.6,4.8,1.62,3.6,5,1.66,3.7,5,1.61,3.5,4.6,1.61,3.5,4.6,,,,1.69,3.75,5.25,1.65,3.62,4.92,1.71,3.85,5.8,2.05,1.75,,,2.05,1.8,1.98,1.74,2.1,1.86,-0.75,1.85,1.95,,,1.85,1.95,1.8,1.89,1.91,2.05,,,,,,,,,,,,,,,,,,,,,,,,,,,,,,,,,,,,,,,,,,,,,,,,,,,,,,
I2,13/12/2025,14:00,Juve Stabia,Empoli,,2.2,2.85,3.5,2.25,3,3.3,2.32,2.95,3.15,2.15,3.1,3.25,2.25,3.1,3.25,2.2,2.9,3.1,2.2,2.9,3.1,,,,2.32,3.1,3.6,2.22,2.98,3.3,2.28,3.05,3.65,2.4,1.53,,,2.4,1.6,2.33,1.54,2.38,1.62,-0.25,1.9,1.9,,,1.92,1.9,1.87,1.82,1.92,1.96,,,,,,,,,,,,,,,,,,,,,,,,,,,,,,,,,,,,,,,,,,,,,,,,,,,,,,
I2,13/12/2025,14:00,Reggiana,Padova,,2.25,3.05,3.3,2.3,3,3.2,2.43,3,2.9,2.25,3,3.13,2.37,3.1,3.1,2.3,2.9,2.9,2.3,2.9,2.9,,,,2.43,3.1,3.3,2.32,3,3.09,2.36,3.1,3.55,2.4,1.53,,,2.42,1.57,2.32,1.54,2.46,1.59,-0.25,1.95,1.85,,,2.02,1.85,1.96,1.74,1.99,1.9,,,,,,,,,,,,,,,,,,,,,,,,,,,,,,,,,,,,,,,,,,,,,,,,,,,,,,
I2,13/12/2025,14:00,Spezia,Modena,,3.4,3.2,2.2,3.3,3.1,2.2,3.25,2.95,2.23,3.25,3.1,2.15,3.2,3.1,2.25,3.1,3,2.15,3.1,3,2.15,,,,3.5,3.2,2.25,3.3,3.06,2.18,3.55,3.15,2.3,2.25,1.62,,,2.33,1.62,2.24,1.58,2.3,1.68,0.25,1.9,1.9,,,1.9,1.9,1.83,1.85,1.96,1.94,,,,,,,,,,,,,,,,,,,,,,,,,,,,,,,,,,,,,,,,,,,,,,,,,,,,,,
I2,13/12/2025,14:00,Sudtirol,Bari,,1.91,3.2,4.2,2,3.2,3.75,1.98,3.2,3.7,1.95,3.2,3.75,2,3.2,3.8,1.95,3.1,3.6,1.95,3.1,3.6,,,,2,3.25,4.2,1.96,3.18,3.8,2.04,3.25,4.5,2.2,1.65,,,2.2,1.65,2.15,1.63,2.26,1.7,-0.5,1.98,1.83,,,2,1.83,1.93,1.78,2.04,1.89,,,,,,,,,,,,,,,,,,,,,,,,,,,,,,,,,,,,,,,,,,,,,,,,,,,,,,
I2,13/12/2025,14:00,Venezia,Monza,,2.2,2.95,3.5,2.2,3.1,3.25,2.32,3,3.05,2.2,3.13,3.13,2.25,3.1,3.3,2.15,3,3.1,2.15,3,3.1,,,,2.32,3.15,3.6,2.23,3.01,3.24,2.34,3.1,3.5,2.15,1.67,,,2.23,1.67,2.15,1.62,2.24,1.72,-0.25,1.9,1.9,,,1.93,1.9,1.9,1.8,1.97,1.94,,,,,,,,,,,,,,,,,,,,,,,,,,,,,,,,,,,,,,,,,,,,,,,,,,,,,,
I2,13/12/2025,16:15,Catanzaro,Avellino,,1.81,3.6,3.9,1.9,3.4,4,,,,1.83,3.4,3.9,1.9,3.4,3.9,1.85,3.25,3.7,1.85,3.25,3.7,,,,1.9,3.6,4.33,1.85,3.44,3.91,1.9,3.6,4.4,2,1.8,,,2,1.8,1.95,1.77,2.02,1.85,-0.5,1.85,1.95,,,1.85,1.95,1.82,1.89,1.9,1.98,,,,,,,,,,,,,,,,,,,,,,,,,,,,,,,,,,,,,,,,,,,,,,,,,,,,,,
I2,13/12/2025,18:30,Cesena,Mantova,,1.71,3.5,4.75,1.83,3.4,4.2,1.8,3.4,4.2,1.75,3.3,4.6,1.8,3.5,4.33,1.75,3.3,4,1.75,3.3,4,,,,1.83,3.66,4.75,1.77,3.43,4.3,1.8,3.7,4.9,1.95,1.85,,,2.06,1.85,1.96,1.76,2,1.87,-0.5,1.75,2.05,,,1.83,2.05,1.75,1.96,1.8,2.14,,,,,,,,,,,,,,,,,,,,,,,,,,,,,,,,,,,,,,,,,,,,,,,,,,,,,,
I2,14/12/2025,14:00,Carrarese,Virtus Entella,,2.55,3.05,2.82,2.5,3.1,2.75,2.43,3.15,2.8,2.5,3.1,2.7,2.6,3.1,2.7,2.5,3,2.6,2.5,3,2.6,,,,2.66,3.15,2.82,2.53,3.04,2.74,2.66,3.1,2.86,2.2,1.65,,,2.2,1.66,2.14,1.63,2.04,1.69,0,1.8,2,,,1.85,2,1.8,1.93,,,,,,,,,,,,,,,,,,,,,,,,,,,,,,,,,,,,,,,,,,,,,,,,,,,,,,,,
I2,14/12/2025,16:15,Pescara,Frosinone,,3.7,3.9,1.81,3.75,3.6,1.9,3.5,3.5,1.94,3.7,3.6,1.83,3.75,3.7,1.87,3.6,3.5,1.83,3.6,3.5,1.83,,,,4,3.9,1.94,3.68,3.63,1.86,3.85,3.75,1.88,1.7,2.1,,,1.73,2.12,1.69,2.05,1.72,2.16,0.5,1.95,1.85,,,1.95,1.89,1.87,1.83,,,,,,,,,,,,,,,,,,,,,,,,,,,,,,,,,,,,,,,,,,,,,,,,,,,,,,,,
N1,13/12/2025,15:30,Telstar,Nijmegen,,3.5,4,1.9,3.3,3.75,1.9,3.6,3.9,1.86,3.5,4,1.87,3.5,3.9,1.93,3.5,3.9,1.91,3.5,3.9,1.91,3.69,4.03,1.88,3.65,4,1.93,3.52,3.89,1.89,3.8,4.1,1.93,1.44,2.7,1.47,2.71,1.48,2.7,1.43,2.63,1.5,2.8,0.5,1.93,1.88,1.98,1.89,1.93,1.9,1.86,1.84,2,1.94,,,,,,,,,,,,,,,,,,,,,,,,,,,,,,,,,,,,,,,,,,,,,,,,,,,,,,
N1,13/12/2025,17:45,Groningen,Volendam,,1.44,4.33,7,1.4,4.33,6.5,1.4,4.6,7,1.4,4.75,7,1.44,4.8,6.5,1.44,4.8,6.5,1.44,4.8,6.5,1.44,4.82,6.52,1.44,4.8,7.1,1.42,4.64,6.65,1.48,4.9,7.2,1.53,2.4,1.58,2.43,1.55,2.5,1.52,2.39,1.59,2.52,-1.25,1.9,1.9,1.95,1.92,1.9,1.95,1.85,1.89,1.96,1.92,,,,,,,,,,,,,,,,,,,,,,,,,,,,,,,,,,,,,,,,,,,,,,,,,,,,,,
N1,13/12/2025,19:00,PSV Eindhoven,Heracles,,1.13,11,15,1.09,8,15,1.12,9,15,1.09,10,19,1.13,10,17,1.12,10,17,1.12,10,17,1.1,11.79,16.16,1.13,11,19.5,1.11,9.44,16.47,1.12,13.5,21,1.18,4.5,1.16,4.99,1.2,4.8,1.18,4.4,1.21,5.2,-2.75,2,1.8,2,1.84,2.06,1.8,1.99,1.76,2.02,1.85,,,,,,,,,,,,,,,,,,,,,,,,,,,,,,,,,,,,,,,,,,,,,,,,,,,,,,
N1,13/12/2025,20:00,Zwolle,For Sittard,,2.35,3.6,2.88,2.25,3.3,2.8,2.33,3.5,2.85,2.38,3.5,2.8,2.35,3.7,2.75,2.37,3.7,2.75,2.3,3.7,2.75,2.42,3.62,2.77,2.38,3.7,2.94,2.34,3.53,2.8,2.5,3.65,2.78,1.7,2.1,1.74,2.12,1.7,2.2,1.66,2.11,1.76,2.18,0,1.75,2.05,1.81,2.08,1.75,2.15,1.7,2.03,1.84,2.07,,,,,,,,,,,,,,,,,,,,,,,,,,,,,,,,,,,,,,,,,,,,,,,,,,,,,,
N1,14/12/2025,11:15,Sparta Rotterdam,Heerenveen,,2.9,3.6,2.3,2.88,3.4,2.15,3.1,3.65,2.12,2.8,3.7,2.25,2.95,3.75,2.2,2.9,3.75,2.2,2.9,3.75,2.2,2.84,3.77,2.31,3.15,3.75,2.3,2.9,3.65,2.21,3.1,3.8,2.32,1.57,2.35,1.56,2.44,1.57,2.43,1.53,2.36,1.57,2.42,0.25,1.83,1.98,1.83,2.04,1.94,1.98,1.84,1.85,,,,,,,,,,,,,,,,,,,,,,,,,,,,,,,,,,,,,,,,,,,,,,,,,,,,,,,,
N1,14/12/2025,13:30,Ajax,Feyenoord,,3,3.9,2.15,3,3.5,2.05,2.95,3.75,2.14,3,3.75,2.15,3,3.8,2.15,3,3.8,2.15,3,3.75,2.15,2.95,3.91,2.19,3.2,3.9,2.16,2.97,3.74,2.14,3.25,3.9,2.24,1.53,2.4,1.54,2.5,1.55,2.6,1.51,2.42,1.56,2.54,0.25,1.9,1.9,1.91,1.94,1.95,1.9,1.88,1.82,,,,,,,,,,,,,,,,,,,,,,,,,,,,,,,,,,,,,,,,,,,,,,,,,,,,,,,,
N1,14/12/2025,13:30,Twente,Go Ahead Eagles,,1.42,4.5,7.5,1.36,4.6,6.5,1.37,4.9,7,1.4,4.8,7,1.41,5,6.75,1.4,5,7,1.4,5,6.5,1.43,4.63,7.01,1.42,5,7.5,1.39,4.79,6.89,1.44,4.9,8.2,1.5,2.5,1.52,2.54,1.5,2.65,1.45,2.57,1.52,2.64,-1.25,1.85,1.95,1.92,1.93,1.85,2.02,1.79,1.95,,,,,,,,,,,,,,,,,,,,,,,,,,,,,,,,,,,,,,,,,,,,,,,,,,,,,,,,
N1,14/12/2025,15:45,NAC Breda,Utrecht,,2.7,3.4,2.6,2.63,3.2,2.4,2.7,3.45,2.43,2.63,3.4,2.5,2.7,3.5,2.5,2.7,3.5,2.5,2.7,3.5,2.45,2.65,3.49,2.59,2.72,3.5,2.6,2.66,3.4,2.49,2.82,3.45,2.58,1.85,1.95,1.86,1.97,1.85,1.95,1.8,1.92,1.86,2.02,0,1.95,1.85,1.95,1.9,1.95,1.85,1.9,1.82,,,,,,,,,,,,,,,,,,,,,,,,,,,,,,,,,,,,,,,,,,,,,,,,,,,,,,,,
P1,13/12/2025,15:30,Casa Pia,Gil Vicente,,3.5,2.95,2.15,3.6,3,2.15,3.8,3.05,2.08,3.4,3,2.15,3.7,3.1,2.1,3.75,3.2,2.1,3.7,3.1,2.1,3.64,3.06,2.23,3.8,3.2,2.2,3.6,3.01,2.13,4,3.1,2.3,2.6,1.48,2.62,1.5,2.6,1.5,2.51,1.47,2.68,1.53,0.25,1.95,1.9,1.97,1.9,1.98,1.9,1.93,1.73,2.03,1.92,,,,,,,,,,,,,,,,,,,,,,,,,,,,,,,,,,,,,,,,,,,,,,,,,,,,,,
P1,13/12/2025,15:30,Nacional,Tondela,,2.3,3.05,3.05,2.25,3.1,3.2,2.28,3.1,3.2,2.25,3.13,3,2.25,3.3,3.1,2.3,3.3,3.1,2.25,3.3,3.1,2.34,3.23,3.2,2.33,3.3,3.2,2.27,3.15,3.11,2.4,3.4,3.35,2.1,1.7,2.13,1.73,2.15,1.7,2.09,1.67,2.2,1.78,-0.25,2.03,1.83,2.02,1.85,2.03,1.83,1.92,1.78,2.06,1.92,,,,,,,,,,,,,,,,,,,,,,,,,,,,,,,,,,,,,,,,,,,,,,,,,,,,,,
P1,13/12/2025,18:00,Rio Ave,Guimaraes,,2.65,3.2,2.55,2.75,3.1,2.5,2.7,3.25,2.55,2.63,3.2,2.5,2.7,3.25,2.55,2.75,3.3,2.6,2.7,3.25,2.6,2.69,3.43,2.58,2.78,3.4,2.62,2.67,3.23,2.55,2.84,3.4,2.66,2.05,1.75,2.07,1.81,2.1,1.75,2.02,1.71,2.16,1.8,0,1.98,1.88,1.98,1.89,1.98,1.88,1.9,1.84,2.02,1.89,,,,,,,,,,,,,,,,,,,,,,,,,,,,,,,,,,,,,,,,,,,,,,,,,,,,,,
P1,13/12/2025,20:30,Sp Lisbon,AVS,,1.05,11,21,1.07,9.5,23,1.08,9.5,23,1.06,9,22,1.08,11,26,1.09,11,26,1.08,11,26,1.07,13.39,24.89,1.09,12,29,1.07,9.83,23.38,1.08,15.5,40,1.33,3.4,1.29,3.44,1.35,3.4,1.31,3.19,1.32,3.65,-2.75,2,1.85,1.97,1.87,2,1.85,1.91,1.79,1.98,1.9,,,,,,,,,,,,,,,,,,,,,,,,,,,,,,,,,,,,,,,,,,,,,,,,,,,,,,
P1,14/12/2025,15:30,Famalicao,Estoril,,1.76,3.6,4.33,1.8,3.5,4.2,1.88,3.65,3.8,1.75,3.5,4.2,1.82,3.6,4.1,1.83,3.6,4.2,1.83,3.6,4.2,1.78,3.74,4.45,1.88,3.75,4.4,1.8,3.58,4.13,1.85,3.7,4.5,1.88,1.98,1.85,1.99,1.88,1.98,1.8,1.91,1.87,2,-0.5,1.78,2.03,1.78,2.07,1.83,2.03,1.77,1.94,,,,,,,,,,,,,,,,,,,,,,,,,,,,,,,,,,,,,,,,,,,,,,,,,,,,,,,,
P1,14/12/2025,18:00,Moreirense,Benfica,,9,4.33,1.35,9,4.6,1.33,9.5,4.7,1.33,8.5,4.4,1.33,8.5,4.8,1.35,8.5,5,1.36,8.5,4.8,1.35,8.34,4.93,1.36,9.75,5,1.38,8.64,4.62,1.34,10.5,5.5,1.35,1.85,2,1.84,2,1.85,2,1.8,1.91,1.84,2.06,1.25,2,1.85,1.99,1.87,2,1.85,1.94,1.76,,,,,,,,,,,,,,,,,,,,,,,,,,,,,,,,,,,,,,,,,,,,,,,,,,,,,,,,
P1,14/12/2025,20:30,Arouca,Alverca,,2.7,3.2,2.55,2.8,3.1,2.5,2.88,3.2,2.45,2.7,3.1,2.5,2.85,3.25,2.4,2.87,3.3,2.45,2.87,3.3,2.45,2.8,3.27,2.59,2.88,3.3,2.58,2.79,3.17,2.48,2.96,3.2,2.64,2.2,1.65,2.23,1.67,2.2,1.65,2.16,1.62,2.24,1.69,0,2,1.85,2.01,1.85,2,1.85,1.95,1.79,,,,,,,,,,,,,,,,,,,,,,,,,,,,,,,,,,,,,,,,,,,,,,,,,,,,,,,,
P1,15/12/2025,18:45,Sp Braga,Santa Clara,,1.49,3.8,7,1.44,3.75,7.5,1.48,4.1,6.75,1.5,3.7,6.5,1.5,4,6.5,1.53,4,6.5,1.5,4,6.5,1.51,3.88,7.26,1.53,4.1,7.5,1.49,3.88,6.74,1.48,4,8.4,2.25,1.62,2.31,1.63,2.25,1.7,2.16,1.63,,,-1,1.95,1.9,1.94,1.91,1.95,1.93,1.83,1.89,,,,,,,,,,,,,,,,,,,,,,,,,,,,,,,,,,,,,,,,,,,,,,,,,,,,,,,,
P1,15/12/2025,20:45,Porto,Estrela,,1.15,5.75,15,1.18,6,15,1.2,6,14,1.17,6,15,1.19,6.75,13.5,1.2,7,15,1.2,7,13,1.19,7.05,13.15,1.2,7,18,1.18,6.24,14.34,1.2,7.2,19,1.6,2.3,1.61,2.31,1.66,2.3,1.59,2.22,,,-2,2.05,1.8,2.09,1.75,2.05,1.83,1.98,1.74,,,,,,,,,,,,,,,,,,,,,,,,,,,,,,,,,,,,,,,,,,,,,,,,,,,,,,,,
SC0,13/12/2025,15:00,Dundee United,Motherwell,D Nicolson,2.82,3.4,2.3,3,3.3,2.38,2.8,3.25,2.48,2.88,3.3,2.3,2.87,3.4,2.3,2.9,3.5,2.37,2.9,3.4,2.3,,,,3,3.5,2.48,2.86,3.31,2.36,3,3.5,2.4,1.9,1.95,,,1.91,1.95,1.86,1.85,1.87,1.97,0.25,1.8,2.05,,,1.8,2.05,1.72,1.96,1.82,2.07,,,,,,,,,,,,,,,,,,,,,,,,,,,,,,,,,,,,,,,,,,,,,,,,,,,,,,
SC0,13/12/2025,15:00,Livingston,Dundee,D McFarlane,1.81,3.6,4.1,1.9,3.5,4,1.95,3.35,3.9,1.83,3.5,3.9,1.88,3.5,3.9,1.91,3.5,4,1.91,3.5,4,,,,1.95,3.6,4.3,1.88,3.48,3.97,1.97,3.65,4.2,1.93,1.93,,,2,1.93,1.91,1.82,1.92,1.92,-0.5,1.88,1.98,,,1.88,1.98,1.83,1.87,1.97,2.01,,,,,,,,,,,,,,,,,,,,,,,,,,,,,,,,,,,,,,,,,,,,,,,,,,,,,,
SC0,13/12/2025,20:00,Falkirk,Hearts,C Scott,4.33,3.6,1.76,4.2,3.6,1.83,4.1,3.55,1.85,4.1,3.5,1.8,4.1,3.6,1.8,4.2,3.7,1.83,4.2,3.7,1.83,,,,4.35,3.7,1.85,4.17,3.56,1.81,4.4,3.65,1.86,1.91,1.91,,,1.91,1.91,1.85,1.87,1.87,1.96,0.5,2.03,1.83,,,2.03,1.83,1.94,1.78,2.08,1.86,,,,,,,,,,,,,,,,,,,,,,,,,,,,,,,,,,,,,,,,,,,,,,,,,,,,,,
SC0,14/12/2025,15:00,Aberdeen,Kilmarnock,R Hardie,1.71,3.5,4.75,1.8,3.6,4.5,1.79,3.5,4.5,1.73,3.5,4.4,1.77,3.5,4.4,1.8,3.6,4.5,1.8,3.6,4.5,,,,1.8,3.6,4.9,1.76,3.53,4.5,1.8,3.7,4.6,1.93,1.93,,,2,1.93,1.9,1.82,1.9,1.9,-0.75,2,1.85,,,2,1.85,1.94,1.76,,,,,,,,,,,,,,,,,,,,,,,,,,,,,,,,,,,,,,,,,,,,,,,,,,,,,,,,
SC0,15/12/2025,19:45,Rangers,Hibernian,D Robertson,1.81,3.6,4,1.9,3.6,4,1.9,3.5,3.9,1.83,3.5,3.9,1.85,3.6,3.9,1.85,3.7,4,1.85,3.7,3.9,,,,1.9,3.7,4.2,1.85,3.57,3.94,1.89,3.65,4.2,1.85,2,,,1.88,2,1.81,1.91,1.7,1.98,-0.5,1.88,1.98,,,1.88,1.98,1.82,1.89,1.89,1.99,,,,,,,,,,,,,,,,,,,,,,,,,,,,,,,,,,,,,,,,,,,,,,,,,,,,,,
SC1,12/12/2025,19:45,Ayr,St Johnstone,C Steven,3.25,3.4,1.95,3.3,3.25,2,3.15,3.3,2.16,3.3,3.4,2,3.1,3.4,2,3.1,3.4,2,3.1,3.4,2,,,,3.4,3.6,2.16,3.23,3.36,2.03,3.55,3.55,2.12,1.83,1.98,,,2,1.98,1.82,1.87,1.9,2.04,0.25,2.03,1.78,,,2.05,1.83,1.94,1.78,2.09,1.85,,,,,,,,,,,,,,,,,,,,,,,,,,,,,,,,,,,,,,,,,,,,,,,,,,,,,,
SC1,13/12/2025,15:00,Arbroath,Partick,R Lee,3.3,3.2,2.05,3.3,3.1,2.1,3.5,3.25,1.98,3.3,3.3,2.05,3.2,3.25,2,3.2,3.25,2,3.2,3.25,2,,,,3.5,3.4,2.12,3.29,3.25,2.04,3.5,3.2,2.16,2.05,1.75,,,2.1,1.78,1.99,1.73,2,1.64,0.25,1.98,1.83,,,1.98,1.83,1.95,1.74,2.01,1.87,,,,,,,,,,,,,,,,,,,,,,,,,,,,,,,,,,,,,,,,,,,,,,,,,,,,,,
SC1,13/12/2025,15:00,Morton,Airdrie Utd,C Graham,1.95,3.1,3.6,1.95,3.1,3.75,1.88,3.35,3.9,2,3.13,3.6,1.9,3.2,3.5,1.91,3.2,3.5,1.91,3.2,3.5,,,,2.1,3.35,3.9,1.96,3.19,3.61,2.12,3.1,3.65,2.15,1.67,,,2.2,1.68,2.12,1.64,2.2,1.67,-0.5,2,1.8,,,2.05,1.85,1.92,1.77,2.12,1.8,,,,,,,,,,,,,,,,,,,,,,,,,,,,,,,,,,,,,,,,,,,,,,,,,,,,,,
SC1,13/12/2025,15:00,Queens Park,Dunfermline,I Snedden,4.2,3.3,1.73,4.2,3.25,1.8,4.3,3.3,1.82,4.2,3.3,1.8,4,3.4,1.73,4,3.4,1.75,4,3.4,1.75,,,,4.4,3.5,1.82,4.19,3.34,1.77,4.6,3.35,1.83,2.1,1.7,,,2.25,1.7,2.11,1.66,2.1,1.74,0.5,2,1.8,,,2,1.8,1.93,1.76,2.02,1.83,,,,,,,,,,,,,,,,,,,,,,,,,,,,,,,,,,,,,,,,,,,,,,,,,,,,,,
SC1,13/12/2025,15:00,Raith Rvs,Ross County,M MacDermid,1.9,3.5,3.5,1.95,3.2,3.6,2.1,3.1,3.45,1.93,3.4,3.6,1.95,3.25,3.3,1.95,3.25,3.3,1.95,3.25,3.3,,,,2.1,3.5,3.6,1.97,3.27,3.48,2.04,3.55,3.75,1.98,1.83,,,2.15,1.83,2,1.73,1.98,1.84,-0.5,1.95,1.85,,,2.02,1.85,1.94,1.75,2.04,1.86,,,,,,,,,,,,,,,,,,,,,,,,,,,,,,,,,,,,,,,,,,,,,,,,,,,,,,
SC2,13/12/2025,15:00,Alloa,Queen of Sth,L Hogarth,1.85,3.3,3.8,1.9,3.25,3.6,,,,1.85,3.4,3.8,1.83,3.3,3.7,1.85,3.3,3.7,1.85,3.3,3.7,,,,1.91,3.5,3.85,1.86,3.34,3.65,1.94,3.4,3.75,1.95,1.85,,,1.95,1.85,1.89,1.79,1.9,1.91,-0.5,1.9,1.9,,,1.9,1.9,1.83,1.82,1.94,1.86,,,,,,,,,,,,,,,,,,,,,,,,,,,,,,,,,,,,,,,,,,,,,,,,,,,,,,
SC2,13/12/2025,15:00,Cove Rangers,East Fife,J Hay,2.5,3.3,2.55,2.5,3.2,2.5,,,,2.5,3.3,2.55,2.4,3.25,2.5,2.45,3.25,2.5,2.45,3.25,2.5,,,,2.5,3.4,2.55,2.45,3.27,2.51,2.6,3.45,2.72,1.85,1.95,,,1.9,1.95,1.8,1.87,1.87,1.92,0,1.88,1.93,,,1.88,1.93,1.79,1.86,1.89,1.99,,,,,,,,,,,,,,,,,,,,,,,,,,,,,,,,,,,,,,,,,,,,,,,,,,,,,,
SC2,13/12/2025,15:00,Inverness C,Hamilton,G Irvine,1.67,3.2,5,1.62,3.4,5,,,,1.65,3.5,5,1.65,3.4,4.5,1.67,3.4,4.5,1.67,3.4,4.5,,,,1.7,3.5,5.1,1.66,3.36,4.7,1.68,3.2,5.3,2.1,1.7,,,2.1,1.7,2.05,1.66,2.08,1.71,-0.75,1.9,1.9,,,1.9,1.9,1.83,1.8,1.88,1.88,,,,,,,,,,,,,,,,,,,,,,,,,,,,,,,,,,,,,,,,,,,,,,,,,,,,,,
SC2,13/12/2025,15:00,Montrose,Stenhousemuir,E Anderson,2.75,3.5,2.2,2.8,3.2,2.25,,,,2.88,3.3,2.25,2.75,3.25,2.2,2.75,3.25,2.2,2.75,3.25,2.2,,,,3,3.5,2.3,2.83,3.23,2.22,2.96,3.4,2.32,1.8,2,,,1.8,2,1.76,1.91,1.81,1.98,0.25,1.83,1.98,,,1.83,1.98,1.75,1.9,1.81,2.02,,,,,,,,,,,,,,,,,,,,,,,,,,,,,,,,,,,,,,,,,,,,,,,,,,,,,,
SC2,13/12/2025,15:00,Peterhead,Kelty Hearts,G Soutar,1.65,3.9,4.2,1.62,3.75,4.33,,,,1.65,3.75,4.5,1.63,3.8,4.2,1.65,3.8,4.2,1.65,3.8,4.2,,,,1.65,4.33,4.5,1.64,3.86,4.17,1.74,3.9,4.1,1.62,2.25,,,1.62,2.25,1.59,2.18,1.59,2.14,-0.75,1.85,1.95,,,1.85,1.95,1.78,1.85,1.93,1.88,,,,,,,,,,,,,,,,,,,,,,,,,,,,,,,,,,,,,,,,,,,,,,,,,,,,,,
SC3,13/12/2025,15:00,Annan Athletic,Forfar,A Grieve,2.1,3.4,2.9,2.15,3.3,2.88,,,,2.15,3.4,2.9,2.1,3.3,2.9,2.1,3.3,2.9,2.1,3.3,2.9,,,,2.15,3.4,3.1,2.11,3.31,2.93,2.14,3.2,3.05,1.7,2.1,,,1.7,2.1,1.66,2.05,1.7,2.12,-0.25,1.9,1.9,,,1.9,1.9,1.82,1.82,1.86,1.89,,,,,,,,,,,,,,,,,,,,,,,,,,,,,,,,,,,,,,,,,,,,,,,,,,,,,,
SC3,13/12/2025,15:00,Dumbarton,East Kilbride,J Wilkie,3.9,3.8,1.67,4,3.75,1.7,,,,4.1,3.9,1.67,3.75,3.7,1.71,3.75,3.7,1.73,3.75,3.7,1.73,,,,4.2,4,1.73,3.92,3.8,1.68,4.1,3.85,1.69,1.53,2.38,,,1.54,2.4,1.51,2.32,1.54,2.48,0.75,1.9,1.9,,,1.9,1.9,1.82,1.82,1.92,1.88,,,,,,,,,,,,,,,,,,,,,,,,,,,,,,,,,,,,,,,,,,,,,,,,,,,,,,
SC3,13/12/2025,15:00,Edinburgh City,Clyde,S Murdoch,2.35,3.4,2.55,2.38,3.3,2.63,,,,2.3,3.5,2.63,2.25,3.4,2.55,2.25,3.4,2.6,2.25,3.4,2.6,,,,2.38,3.6,2.63,2.3,3.41,2.59,2.36,3.2,2.66,1.67,2.15,,,1.67,2.15,1.62,2.1,1.66,2.2,0,1.78,2.03,,,1.78,2.03,1.72,1.95,1.79,2.01,,,,,,,,,,,,,,,,,,,,,,,,,,,,,,,,,,,,,,,,,,,,,,,,,,,,,,
SC3,13/12/2025,15:00,Elgin,Stranraer,G Duncan,1.75,3.5,3.9,1.8,3.4,4,,,,1.75,3.5,4,1.73,3.5,3.8,1.75,3.5,3.8,1.75,3.5,3.8,,,,1.8,3.75,4,1.75,3.52,3.85,1.87,3.4,3.75,1.85,1.95,,,1.85,1.95,1.78,1.89,1.84,1.93,-0.5,1.8,2,,,1.8,2,1.73,1.93,1.87,1.95,,,,,,,,,,,,,,,,,,,,,,,,,,,,,,,,,,,,,,,,,,,,,,,,,,,,,,
SC3,13/12/2025,15:00,Stirling,Spartans,S Luke,4.33,3.6,1.67,4.5,3.4,1.7,,,,4.5,3.6,1.67,4.33,3.5,1.68,4.2,3.5,1.67,4.2,3.5,1.67,,,,4.5,3.6,1.73,4.37,3.5,1.68,4.4,3.2,1.71,1.9,1.9,,,1.93,1.9,1.86,1.81,1.77,1.89,0.75,1.9,1.9,,,1.9,1.9,1.8,1.84,1.86,1.91,,,,,,,,,,,,,,,,,,,,,,,,,,,,,,,,,,,,,,,,,,,,,,,,,,,,,,
SP1,12/12/2025,20:00,Sociedad,Girona,,1.75,3.9,4.5,1.73,3.6,5,1.7,3.8,5.1,1.73,3.75,4.8,1.75,3.75,4.5,1.75,3.75,4.5,1.75,3.7,4.5,1.78,3.83,4.86,1.75,3.9,5.1,1.72,3.73,4.73,1.81,3.9,5.1,1.98,1.88,1.99,1.91,1.98,1.94,1.88,1.87,2.04,1.95,-0.75,1.98,1.88,2.01,1.92,1.98,1.92,1.9,1.87,2.05,1.93,,,,,,,,,,,,,,,,,,,,,,,,,,,,,,,,,,,,,,,,,,,,,,,,,,,,,,
SP1,13/12/2025,13:00,Ath Madrid,Valencia,,1.3,5,11,1.29,5,11,1.27,5.6,11.5,1.29,5.25,11,1.31,5.5,9.75,1.3,5.5,9.5,1.3,5.25,9.5,1.33,5,11.34,1.33,5.6,11.5,1.29,5.21,10.58,1.32,5.8,12,1.73,2.1,1.78,2.11,1.75,2.14,1.7,2.08,1.79,2.2,-1.5,1.93,1.93,1.97,1.93,1.95,1.93,1.88,1.85,1.97,1.99,,,,,,,,,,,,,,,,,,,,,,,,,,,,,,,,,,,,,,,,,,,,,,,,,,,,,,
SP1,13/12/2025,15:15,Mallorca,Elche,,2.45,3.1,3.1,2.4,3.1,3.1,2.38,3.15,3.2,2.4,3.13,3.1,2.45,3.1,3,2.45,3.1,3,2.45,3.1,3,2.51,3.09,3.22,2.5,3.15,3.2,2.42,3.07,3.1,2.56,3.2,3.3,2.38,1.57,2.45,1.6,2.38,1.62,2.3,1.57,2.48,1.64,-0.25,2.1,1.78,2.13,1.8,2.1,1.81,2.01,1.76,2.16,1.83,,,,,,,,,,,,,,,,,,,,,,,,,,,,,,,,,,,,,,,,,,,,,,,,,,,,,,
SP1,13/12/2025,17:30,Barcelona,Osasuna,,1.2,7,12,1.2,7,12,1.18,8,13,1.18,7.5,13,1.2,7.75,11.5,1.2,8,11,1.2,7.5,11,1.22,6.97,12.01,1.22,8,13,1.2,7.34,11.63,1.22,8.6,14.5,1.25,4,1.3,3.43,1.25,4,1.23,3.87,1.28,4.3,-2.25,2.03,1.78,2.1,1.79,2.03,1.84,1.99,1.77,2.1,1.86,,,,,,,,,,,,,,,,,,,,,,,,,,,,,,,,,,,,,,,,,,,,,,,,,,,,,,
SP1,13/12/2025,20:00,Getafe,Espanol,,2.5,2.8,3.25,2.6,2.75,3.25,2.5,2.95,3.2,2.5,2.88,3.25,2.5,2.9,3.1,2.5,2.9,3.1,2.5,2.87,3.1,2.61,2.89,3.29,2.6,2.95,3.25,2.52,2.85,3.18,2.68,2.94,3.45,3.2,1.36,3.16,1.37,3.2,1.38,3.01,1.36,3.25,1.42,-0.25,2.13,1.75,2.18,1.76,2.13,1.75,2.07,1.72,2.22,1.8,,,,,,,,,,,,,,,,,,,,,,,,,,,,,,,,,,,,,,,,,,,,,,,,,,,,,,
SP1,14/12/2025,13:00,Sevilla,Oviedo,,1.91,3.4,4.2,1.9,3.3,4.33,1.82,3.45,4.7,1.87,3.25,4,1.93,3.4,4.1,1.91,3.4,4.2,1.91,3.4,4,1.93,3.29,4.65,1.93,3.45,4.7,1.88,3.32,4.3,2,3.4,4.7,2.2,1.67,2.28,1.68,2.2,1.67,2.18,1.64,2.38,1.7,-0.5,1.93,1.93,1.94,1.96,1.93,1.93,1.86,1.87,2,1.98,,,,,,,,,,,,,,,,,,,,,,,,,,,,,,,,,,,,,,,,,,,,,,,,,,,,,,
SP1,14/12/2025,15:15,Celta,Ath Bilbao,,2.63,3.25,2.75,2.6,3.1,2.8,2.6,3.15,2.88,2.55,3.1,2.63,2.6,3.2,2.75,2.6,3.25,2.75,2.6,3.2,2.75,2.74,3.25,2.78,2.7,3.25,2.88,2.6,3.14,2.75,2.86,3.25,2.86,2.1,1.73,2.19,1.73,2.23,1.73,2.13,1.67,2.24,1.76,0,1.9,1.95,1.93,1.97,1.9,1.95,1.83,1.91,1.99,1.98,,,,,,,,,,,,,,,,,,,,,,,,,,,,,,,,,,,,,,,,,,,,,,,,,,,,,,
SP1,14/12/2025,17:30,Levante,Villarreal,,4.33,4.33,1.67,4.5,4,1.7,4.35,4.2,1.71,4.33,3.9,1.65,4.4,4.33,1.68,4.4,4.33,1.67,4.4,4.2,1.67,4.53,4.49,1.68,4.55,4.33,1.71,4.38,4.17,1.67,4.8,4.6,1.71,1.62,2.3,1.6,2.43,1.62,2.35,1.58,2.28,1.64,2.48,0.75,1.98,1.88,2.02,1.88,1.98,1.89,1.92,1.85,2.07,1.89,,,,,,,,,,,,,,,,,,,,,,,,,,,,,,,,,,,,,,,,,,,,,,,,,,,,,,
SP1,14/12/2025,20:00,Alaves,Real Madrid,,5.5,4,1.6,5.5,4,1.6,5.6,4.2,1.58,5,3.9,1.57,5.25,4,1.62,5.25,4,1.61,5.25,4,1.61,6,3.88,1.63,5.75,4.2,1.64,5.4,3.94,1.6,6,4.1,1.65,1.73,2.1,1.79,2.1,1.76,2.1,1.71,2.05,1.84,2.16,1,1.8,2.05,1.82,2.11,1.81,2.05,1.78,1.99,1.86,2.1,,,,,,,,,,,,,,,,,,,,,,,,,,,,,,,,,,,,,,,,,,,,,,,,,,,,,,
SP1,15/12/2025,20:00,Vallecano,Betis,,2.55,3.4,2.75,2.6,3.25,2.75,2.55,3.5,2.7,2.5,3.25,2.6,2.55,3.4,2.7,2.5,3.4,2.7,2.5,3.3,2.7,2.65,3.48,2.71,2.6,3.5,2.75,2.52,3.35,2.69,2.74,3.35,2.8,1.95,1.9,1.98,1.91,1.95,1.91,1.92,1.83,1.97,1.96,0,1.88,1.98,1.93,1.97,1.88,1.98,1.82,1.93,1.96,1.98,,,,,,,,,,,,,,,,,,,,,,,,,,,,,,,,,,,,,,,,,,,,,,,,,,,,,,
SP2,12/12/2025,19:30,Cultural Leonesa,Huesca,,2.3,2.82,3.4,2.3,3,3.2,2.38,3,3,2.3,2.9,3.13,2.35,2.9,3,2.3,2.87,3,2.3,2.87,3,2.36,2.96,3.66,2.5,3,3.5,2.33,2.9,3.17,2.42,3.05,3.65,2.5,1.5,2.64,1.52,2.6,1.53,2.45,1.49,2.68,1.56,-0.25,1.98,1.83,1.99,1.92,1.98,1.83,1.95,1.75,2.03,1.94,,,,,,,,,,,,,,,,,,,,,,,,,,,,,,,,,,,,,,,,,,,,,,,,,,,,,,
SP2,13/12/2025,13:00,Cordoba,Eibar,,1.96,3.25,3.9,2.05,3.2,3.6,1.92,3.3,3.75,1.95,3.25,3.6,2,3.25,3.4,2,3.2,3.3,2,3.2,3.3,2,3.31,4.02,2.05,3.33,3.9,1.97,3.24,3.63,2.08,3.35,4,2.1,1.7,2.12,1.74,2.1,1.71,2.05,1.68,2.16,1.76,-0.5,2,1.8,2.02,1.85,2,1.83,1.94,1.77,2.08,1.87,,,,,,,,,,,,,,,,,,,,,,,,,,,,,,,,,,,,,,,,,,,,,,,,,,,,,,
SP2,13/12/2025,15:15,Sp Gijon,Granada,,2.1,3.05,3.5,2.15,3.1,3.4,2.15,3.15,3.3,2.1,3.13,3.3,2.1,3.2,3.2,2.1,3.1,3.1,2.1,3.1,3.1,2.19,3.14,3.64,2.2,3.2,3.55,2.13,3.1,3.33,2.24,3.2,3.75,2.25,1.62,2.29,1.65,2.25,1.62,2.2,1.59,2.28,1.68,-0.25,1.85,1.95,1.88,2,1.85,1.95,1.82,1.88,1.9,2.03,,,,,,,,,,,,,,,,,,,,,,,,,,,,,,,,,,,,,,,,,,,,,,,,,,,,,,
SP2,13/12/2025,15:15,Valladolid,Andorra,,1.61,4,4.75,1.67,3.6,5,1.68,3.6,4.7,1.62,3.7,4.8,1.63,3.75,4.6,1.61,3.7,4.5,1.61,3.7,4.5,1.63,4.05,5.12,1.69,4,5,1.64,3.72,4.73,1.67,4,5.4,1.85,1.95,1.88,1.98,1.88,1.95,1.83,1.87,1.9,2,-0.75,1.83,1.98,1.83,2.05,1.85,1.98,1.81,1.89,1.85,2.04,,,,,,,,,,,,,,,,,,,,,,,,,,,,,,,,,,,,,,,,,,,,,,,,,,,,,,
SP2,13/12/2025,17:30,Santander,Leganes,,1.76,3.8,4,1.8,3.5,4.2,1.76,3.5,4.25,1.75,3.6,4,1.77,3.5,4,1.75,3.4,3.9,1.75,3.4,3.9,1.83,3.83,4.11,1.83,3.8,4.25,1.77,3.56,4.07,1.86,3.85,4.3,1.8,2,1.83,2.03,1.91,2,1.81,1.89,1.8,2.06,-0.5,1.8,2,1.84,2.04,1.83,2,1.76,1.95,1.86,2.08,,,,,,,,,,,,,,,,,,,,,,,,,,,,,,,,,,,,,,,,,,,,,,,,,,,,,,
SP2,13/12/2025,20:00,La Coruna,Sociedad B,,1.46,4.33,5.75,1.5,4,6.5,1.47,4.1,6.25,1.45,4,6,1.47,4.1,5.75,1.44,4,5.5,1.44,4,5.5,1.5,4.29,6.43,1.5,4.33,6.5,1.46,4.04,6.04,1.5,4.2,7.8,1.85,1.95,1.9,1.95,1.85,1.95,1.82,1.88,1.87,1.98,-1,1.85,1.95,1.89,1.98,1.85,1.95,1.79,1.92,,,,,,,,,,,,,,,,,,,,,,,,,,,,,,,,,,,,,,,,,,,,,,,,,,,,,,,,
SP2,13/12/2025,20:00,Zaragoza,Cadiz,,2.05,3.05,3.7,2.1,3.1,3.5,2.12,3.05,3.4,2.1,3.1,3.4,2.15,3.1,3.25,2.1,3,3.2,2.1,3,3.2,2.11,3.18,3.82,2.15,3.15,3.75,2.09,3.06,3.45,2.14,3.15,3.8,2.25,1.62,2.32,1.62,2.25,1.62,2.24,1.58,2.28,1.65,-0.25,1.8,2,1.81,2.08,1.8,2,1.77,1.91,1.84,2.04,,,,,,,,,,,,,,,,,,,,,,,,,,,,,,,,,,,,,,,,,,,,,,,,,,,,,,
SP2,14/12/2025,15:15,Albacete,Malaga,,1.91,3.4,3.9,2,3.3,3.6,1.9,3.4,3.75,1.93,3.3,3.7,2,3.25,3.4,2,3.2,3.3,2,3.2,3.3,1.99,3.35,3.99,2,3.4,3.9,1.95,3.29,3.64,1.99,3.4,4,2,1.8,2,1.84,2,1.8,1.95,1.76,2.04,1.82,-0.5,1.98,1.83,2,1.86,2,1.83,1.91,1.79,,,,,,,,,,,,,,,,,,,,,,,,,,,,,,,,,,,,,,,,,,,,,,,,,,,,,,,,
SP2,14/12/2025,17:30,Almeria,Burgos,,1.68,3.6,4.5,1.7,3.4,5,1.71,3.45,4.7,1.7,3.4,4.75,1.73,3.3,4.6,1.7,3.25,4.4,1.7,3.25,4.4,1.74,3.71,4.78,1.76,3.6,5,1.7,3.42,4.67,1.71,3.6,5.5,2.25,1.62,2.25,1.66,2.25,1.66,2.17,1.62,2.28,1.64,-0.75,1.98,1.83,1.98,1.87,1.98,1.83,1.91,1.79,,,,,,,,,,,,,,,,,,,,,,,,,,,,,,,,,,,,,,,,,,,,,,,,,,,,,,,,
SP2,14/12/2025,20:00,Ceuta,Las Palmas,,2.82,2.95,2.55,2.88,2.88,2.63,2.8,2.9,2.6,2.8,2.9,2.55,2.8,2.9,2.5,2.75,2.87,2.45,2.75,2.87,2.45,2.96,3.01,2.64,2.9,3,2.63,2.81,2.9,2.55,3,2.96,2.7,2.6,1.48,2.62,1.5,2.6,1.5,2.5,1.47,2.66,1.52,0,2,1.8,2.05,1.82,2,1.83,1.96,1.77,,,,,,,,,,,,,,,,,,,,,,,,,,,,,,,,,,,,,,,,,,,,,,,,,,,,,,,,
SP2,15/12/2025,19:30,Castellon,Mirandes,,1.41,4.33,6.5,1.4,4.33,7,,,,1.4,4.33,6.5,1.44,4.4,6,1.44,4.2,5.75,1.44,4.2,5.75,1.42,4.75,7.04,1.45,4.6,7,1.42,4.36,6.35,1.42,4.1,8,1.67,2.15,1.69,2.2,1.7,2.15,1.66,2.09,,,-1.25,1.98,1.83,1.94,1.91,1.98,1.83,1.91,1.8,,,,,,,,,,,,,,,,,,,,,,,,,,,,,,,,,,,,,,,,,,,,,,,,,,,,,,,,
T1,12/12/2025,17:00,Kasimpasa,Genclerbirligi,,2.5,3.25,2.7,2.5,3.1,2.8,2.48,3.15,2.8,2.45,3.2,2.7,2.55,3.25,2.65,2.6,3.3,2.7,2.6,3.3,2.7,2.59,3.36,2.87,2.6,3.3,3.2,2.48,3.19,2.77,2.62,3.4,2.96,2,1.8,2.06,1.83,2.02,1.8,2,1.73,2.1,1.86,0,1.8,2,1.85,2.06,1.83,2.4,1.72,2.06,1.86,2.1,,,,,,,,,,,,,,,,,,,,,,,,,,,,,,,,,,,,,,,,,,,,,,,,,,,,,,
T1,13/12/2025,11:30,Rizespor,Eyupspor,,2.05,3.4,3.3,2.05,3.4,3.4,1.98,3.5,3.5,2.05,3.4,3.2,2.1,3.5,3.25,2.1,3.5,3.3,2.1,3.5,3.3,2.13,3.48,3.4,2.14,3.55,3.6,2.06,3.41,3.32,2.18,3.55,3.65,1.88,1.93,1.89,1.96,1.9,1.93,1.83,1.87,1.91,1.97,-0.25,1.83,1.98,1.86,2.02,1.83,2.02,1.74,1.97,1.88,2.08,,,,,,,,,,,,,,,,,,,,,,,,,,,,,,,,,,,,,,,,,,,,,,,,,,,,,,
T1,13/12/2025,14:00,Kayserispor,Alanyaspor,,2.85,3.5,2.2,3,3.3,2.25,2.8,3.45,2.32,2.9,3.3,2.25,2.95,3.6,2.2,3,3.6,2.25,3,3.6,2.2,2.96,3.55,2.32,3.15,3.6,2.38,2.91,3.43,2.25,3.05,3.65,2.4,1.8,2,1.8,2.05,1.83,2.02,1.75,1.96,1.84,2.06,0.25,1.83,1.98,1.85,2.03,1.9,1.98,1.78,1.88,1.89,2.07,,,,,,,,,,,,,,,,,,,,,,,,,,,,,,,,,,,,,,,,,,,,,,,,,,,,,,
T1,13/12/2025,17:00,Antalyaspor,Galatasaray,,8,5.25,1.3,8.5,5,1.3,8.5,5,1.32,8,5,1.3,7.75,5.25,1.34,8,5.5,1.35,8,5.25,1.33,8.12,5.51,1.33,10,5.5,1.35,8.11,5.13,1.31,9,6,1.36,1.53,2.4,1.51,2.58,1.57,2.45,1.52,2.37,1.56,2.62,1.5,1.85,1.95,1.88,1.99,1.91,1.95,1.83,1.87,1.88,1.98,,,,,,,,,,,,,,,,,,,,,,,,,,,,,,,,,,,,,,,,,,,,,,,,,,,,,,
T1,14/12/2025,11:30,Gaziantep,Goztep,,3.05,3.3,2.25,2.88,3.2,2.38,2.8,3.25,2.45,,,,2.95,3.4,2.25,3,3.4,2.3,3,3.4,2.3,3.09,3.35,2.34,3.1,3.4,2.5,2.94,3.27,2.32,3.3,3.3,2.36,1.93,1.88,1.93,1.9,1.98,1.88,1.92,1.79,1.94,1.89,0.25,1.83,1.98,1.84,2.02,1.85,2.05,1.75,1.92,,,,,,,,,,,,,,,,,,,,,,,,,,,,,,,,,,,,,,,,,,,,,,,,,,,,,,,,
T1,14/12/2025,14:00,Karagumruk,Kocaelispor,,3.2,3.05,2.3,3.1,3.1,2.3,3,3.2,2.32,3,3.13,2.25,3,3.25,2.25,3.1,3.3,2.3,3.1,3.3,2.3,3.28,3.09,2.37,3.2,3.3,2.38,3.07,3.15,2.29,3.4,3.1,2.4,2.1,1.7,2.13,1.73,2.1,1.7,2.06,1.69,2.08,1.75,0.25,1.83,1.98,1.84,2.02,1.85,1.98,1.78,1.88,,,,,,,,,,,,,,,,,,,,,,,,,,,,,,,,,,,,,,,,,,,,,,,,,,,,,,,,
T1,14/12/2025,17:00,Samsunspor,Buyuksehyr,,2.05,3.4,3.3,2.05,3.4,3.4,2.17,3.35,3.2,2.05,3.4,3.2,2.05,3.5,3.3,2.1,3.5,3.4,2.05,3.5,3.4,2.15,3.36,3.47,2.2,3.5,3.5,2.08,3.37,3.3,2.14,3.5,3.7,1.85,1.95,1.85,1.98,1.87,1.95,1.81,1.9,1.88,1.99,-0.25,1.83,1.98,1.85,2,1.83,1.98,1.8,1.9,,,,,,,,,,,,,,,,,,,,,,,,,,,,,,,,,,,,,,,,,,,,,,,,,,,,,,,,
T1,14/12/2025,17:00,Trabzonspor,Besiktas,,2.5,3.4,2.57,2.5,3.4,2.63,2.45,3.65,2.55,2.4,3.5,2.55,2.45,3.6,2.55,2.5,3.7,2.6,2.45,3.6,2.6,2.52,3.72,2.6,2.52,3.75,2.66,2.45,3.53,2.57,2.5,3.75,2.86,1.67,2.15,1.65,2.26,1.67,2.2,1.64,2.13,1.73,2.22,0,1.85,1.95,1.89,1.96,1.85,1.95,1.82,1.91,,,,,,,,,,,,,,,,,,,,,,,,,,,,,,,,,,,,,,,,,,,,,,,,,,,,,,,,
T1,15/12/2025,17:00,Fenerbahce,Konyaspor,,1.24,6,9.5,1.25,5.5,11,1.23,5.8,10.5,1.22,5.5,10.5,1.26,6,9.75,1.28,6,10,1.25,6,10,1.24,6.37,10.09,1.28,6.1,12,1.24,5.76,10.2,1.27,6.6,12,1.5,2.5,1.51,2.55,1.5,2.55,1.49,2.47,,,-1.75,1.95,1.85,1.98,1.85,1.95,1.86,1.86,1.83,,,,,,,,,,,,,,,,,,,,,,,,,,,,,,,,,,,,,,,,,,,,,,,,,,,,,,,,
